drug,gene,Mutants,ddg
dasatinib,ABL1,M244V,0.29
dasatinib,ABL1,G250E,0.48
dasatinib,ABL1,Q252H,0.86
dasatinib,ABL1,Y253F,0.33
dasatinib,ABL1,Y253H,0.29
dasatinib,ABL1,E255K,1.16
dasatinib,ABL1,E255V,1.56
dasatinib,ABL1,V299L,1.86
dasatinib,ABL1,F311L,0.29
dasatinib,ABL1,T315A,3.01
dasatinib,ABL1,T315I,3.29
dasatinib,ABL1,F317L,1.33
dasatinib,ABL1,F317V,2.5
dasatinib,ABL1,M351T,0.19
dasatinib,ABL1,E355G,0.48
dasatinib,ABL1,F359V,0.6
dasatinib,ABL1,V379I,0
dasatinib,ABL1,L387M,0.55
dasatinib,ABL1,H396P,-0.17
dasatinib,ABL1,H396R,0.29
nilotinib,ABL1,M244V,0.64
nilotinib,ABL1,G250E,0.78
nilotinib,ABL1,Q252H,1
nilotinib,ABL1,Y253F,1.35
nilotinib,ABL1,Y253H,2.11
nilotinib,ABL1,E255K,1.63
nilotinib,ABL1,E255V,2.09
nilotinib,ABL1,F311L,0.34
nilotinib,ABL1,T315A,0.92
nilotinib,ABL1,T315I,3
nilotinib,ABL1,F317L,0.8
nilotinib,ABL1,M351T,0.09
nilotinib,ABL1,F359V,1.55
nilotinib,ABL1,V379I,0.81
nilotinib,ABL1,L387M,0.79
nilotinib,ABL1,H396P,0.68
nilotinib,ABL1,H396R,0.68
gefitinib,EGFR,G719S,0.48
gefitinib,EGFR,G719S/T790M,-0.56
gefitinib,EGFR,T790M,-1.21
gefitinib,EGFR,L858R,-1.6
gefitinib,EGFR,L858R/T790M,-0.7
fidarestat,AKR1B1,C303D,1.04
fidarestat,AKR1B1,F121P,0.29
fidarestat,AKR1B1,L300A,0.46
fidarestat,AKR1B1,L300P,1.88
fidarestat,AKR1B1,L301M,0.7
fidarestat,AKR1B1,S302R/C303D,1.91
fidarestat,AKR1B1,T113Y,2.08
fidarestat,AKR1B1,V47I,0.14
