Gene,Entrez_id,cDNA,Drug,Drug_id,Association,Evidence level
ABL1,25,c.944C>T,Nilotinib,DB04868,Resistant,1
ABL1,25,c.944C>T,Dasatinib,DB01254,Resistant,1
ABL1,25,c.944C>T,Bosutinib,DB06616,Resistant,1
ABL1,25,c.895G>C,Dasatinib,DB01254,Resistant,1
ABL1,25,c.943A>G,Dasatinib,DB01254,Resistant,1
ABL1,25,c.949T>C,Dasatinib,DB01254,Resistant,1
ABL1,25,c.949T>G,Dasatinib,DB01254,Resistant,1
ABL1,25,c.949T>A,Dasatinib,DB01254,Resistant,1
ABL1,25,c.950T>G,Dasatinib,DB01254,Resistant,1
ABL1,25,c.725T>C,Imatinib,DB00619,Resistant,1
ABL1,25,c.740A>G,Imatinib,DB00619,Resistant,1
ABL1,25,c.742C>G,Imatinib,DB00619,Resistant,1
ABL1,25,c.749G>A,Imatinib,DB00619,Resistant,1
ABL1,25,c.748G>A,Imatinib,DB00619,Resistant,1
ABL1,25,c.755A>G,Imatinib,DB00619,Resistant,1
ABL1,25,c.756G>T,Imatinib,DB00619,Resistant,1
ABL1,25,c.758A>T,Imatinib,DB00619,Resistant,1
ABL1,25,c.757T>C,Imatinib,DB00619,Resistant,1
ABL1,25,c.763G>A,Imatinib,DB00619,Resistant,1
ABL1,25,c.764A>T,Imatinib,DB00619,Resistant,1
ABL1,25,c.709A>G,Imatinib,DB00619,Resistant,1
ABL1,25,c.774G>C,Imatinib,DB00619,Resistant,1
ABL1,25,c.782G>T,Imatinib,DB00619,Resistant,1
ABL1,25,c.817T>A,Imatinib,DB00619,Resistant,1
ABL1,25,c.823G>A,Imatinib,DB00619,Resistant,1
ABL1,25,c.823G>C,Imatinib,DB00619,Resistant,1
ABL1,25,c.827A>G,Imatinib,DB00619,Resistant,1
ABL1,25,c.829A>G,Imatinib,DB00619,Resistant,1
ABL1,25,c.835G>A,Imatinib,DB00619,Resistant,1
ABL1,25,c.839T>C,Imatinib,DB00619,Resistant,1
ABL1,25,c.866T>C,Imatinib,DB00619,Resistant,1
ABL1,25,c.865G>A,Imatinib,DB00619,Resistant,1
ABL1,25,c.875A>T,Imatinib,DB00619,Resistant,1
ABL1,25,c.874G>C,Imatinib,DB00619,Resistant,1
ABL1,25,c.877A>G,Imatinib,DB00619,Resistant,1
ABL1,25,c.892C>G,Imatinib,DB00619,Resistant,1
ABL1,25,c.895G>C,Imatinib,DB00619,Resistant,1
ABL1,25,c.931T>C,Imatinib,DB00619,Resistant,1
ABL1,25,c.931T>A,Imatinib,DB00619,Resistant,1
ABL1,25,c.944C>T,Imatinib,DB00619,Resistant,1
ABL1,25,c.949T>C,Imatinib,DB00619,Resistant,1
ABL1,25,c.949T>G,Imatinib,DB00619,Resistant,1
ABL1,25,c.949T>A,Imatinib,DB00619,Resistant,1
ABL1,25,c.950T>G,Imatinib,DB00619,Resistant,1
ABL1,25,c.959A>G,Imatinib,DB00619,Resistant,1
ABL1,25,c.971T>A,Imatinib,DB00619,Resistant,1
ABL1,25,c.1024T>C,Imatinib,DB00619,Resistant,1
ABL1,25,c.1028T>C,Imatinib,DB00619,Resistant,1
ABL1,25,c.1031C>T,Imatinib,DB00619,Resistant,1
ABL1,25,c.1049C>T,Imatinib,DB00619,Resistant,1
ABL1,25,c.1065G>C,Imatinib,DB00619,Resistant,1
ABL1,25,c.1064A>G,Imatinib,DB00619,Resistant,1
ABL1,25,c.1064A>C,Imatinib,DB00619,Resistant,1
ABL1,25,c.1075T>G,Imatinib,DB00619,Resistant,1
ABL1,25,c.1075T>A,Imatinib,DB00619,Resistant,1
ABL1,25,c.1076T>G,Imatinib,DB00619,Resistant,1
ABL1,25,c.1075T>C,Imatinib,DB00619,Resistant,1
ABL1,25,c.1087G>T,Imatinib,DB00619,Resistant,1
ABL1,25,c.1090C>A,Imatinib,DB00619,Resistant,1
ABL1,25,c.1094C>T,Imatinib,DB00619,Resistant,1
ABL1,25,c.1097C>G,Imatinib,DB00619,Resistant,1
ABL1,25,c.1109T>C,Imatinib,DB00619,Resistant,1
ABL1,25,c.1112T>C,Imatinib,DB00619,Resistant,1
ABL1,25,c.1117G>A,Imatinib,DB00619,Resistant,1
ABL1,25,c.1135G>A,Imatinib,DB00619,Resistant,1
ABL1,25,c.1138G>A,Imatinib,DB00619,Resistant,1
ABL1,25,c.1144T>C,Imatinib,DB00619,Resistant,1
ABL1,25,c.1150C>A,Imatinib,DB00619,Resistant,1
ABL1,25,c.1159T>A,Imatinib,DB00619,Resistant,1
ABL1,25,c.1161G>T,Imatinib,DB00619,Resistant,1
ABL1,25,c.1159T>G,Imatinib,DB00619,Resistant,1
ABL1,25,c.1162A>C,Imatinib,DB00619,Resistant,1
ABL1,25,c.1178A>G,Imatinib,DB00619,Resistant,1
ABL1,25,c.1187A>C,Imatinib,DB00619,Resistant,1
ABL1,25,c.1187A>G,Imatinib,DB00619,Resistant,1
ABL1,25,c.1186_1187delCAinsGC,Imatinib,DB00619,Resistant,1
ABL1,25,c.1189G>C,Imatinib,DB00619,Resistant,1
ABL1,25,c.1250C>T,Imatinib,DB00619,Resistant,1
ABL1,25,c.1250C>A,Imatinib,DB00619,Resistant,1
ABL1,25,c.1253T>G,Imatinib,DB00619,Resistant,1
ABL1,25,c.1252A>G,Imatinib,DB00619,Resistant,1
ABL1,25,c.1297G>A,Imatinib,DB00619,Resistant,1
ABL1,25,c.1313C>G,Imatinib,DB00619,Resistant,1
ABL1,25,c.1348G>A,Imatinib,DB00619,Resistant,1
ABL1,25,c.1349A>G,Imatinib,DB00619,Resistant,1
ABL1,25,c.1349A>C,Imatinib,DB00619,Resistant,1
ABL1,25,c.1349A>T,Imatinib,DB00619,Resistant,1
ABL1,25,c.1357G>A,Imatinib,DB00619,Resistant,1
ABL1,25,c.1358A>G,Imatinib,DB00619,Resistant,1
ABL1,25,c.1358A>C,Imatinib,DB00619,Resistant,1
ABL1,25,c.1358A>T,Imatinib,DB00619,Resistant,1
ABL1,25,c.1375G>A,Imatinib,DB00619,Resistant,1
ABL1,25,c.1376A>G,Imatinib,DB00619,Resistant,1
ABL1,25,c.1376A>C,Imatinib,DB00619,Resistant,1
ABL1,25,c.1376A>T,Imatinib,DB00619,Resistant,1
ABL1,25,c.1416G>C,Imatinib,DB00619,Resistant,1
ABL1,25,c.1439C>T,Imatinib,DB00619,Resistant,1
ABL1,25,c.1457T>C,Imatinib,DB00619,Resistant,1
ABL1,25,c.1520A>G,Imatinib,DB00619,Resistant,1
ABL1,25,c.763G>A,Nilotinib,DB04868,Resistant,1
ABL1,25,c.764A>T,Nilotinib,DB04868,Resistant,1
ABL1,25,c.757T>C,Nilotinib,DB04868,Resistant,1
ABL1,25,c.1075T>G,Nilotinib,DB04868,Resistant,1
ABL1,25,c.1076T>G,Nilotinib,DB04868,Resistant,1
ABL1,25,c.1075T>A,Nilotinib,DB04868,Resistant,1
ABL1,25,c.742C>G,Nilotinib,DB04868,Resistant,3
ABL1,25,c.742C>G,Dasatinib,DB01254,Resistant,3
ABL1,25,c.749G>A,Nilotinib,DB04868,Resistant,3
ABL1,25,c.875A>T,Nilotinib,DB04868,Resistant,3
ABL1,25,c.1150C>A,Nilotinib,DB04868,Resistant,3
ABL1,25,c.1161G>C,Nilotinib,DB04868,Resistant,3
ABL1,25,c.749G>A,Bosutinib,DB06616,Resistant,2
ABL1,25,c.749G>A,Dasatinib,DB01254,Resistant,2
ABL1,25,c.944C>T,Dasatinib,DB01254,Resistant,2
ABL1,25,c.1052T>C,Bosutinib,DB06616,Resistant,2
ABL1,25,c.1064A>G,Dasatinib,DB01254,Resistant,2
ABL1,25,c.1187A>G,Bosutinib,DB06616,Resistant,2
ABL1,25,c.1457T>C,Bosutinib,DB06616,Resistant,2
ABL1,25,c.944C>T,Imatinib Mesylate + Dasatinib,DB00619 + DB01254,Resistant,3
ABL1,25,c.763G>A,Imatinib Mesylate + Dasatinib,DB00619 + DB01254,Resistant,3
ABL1,25,c.944C>T,Imatinib Mesylate + Nilotinib,DB00619 + DB04868,Resistant,3
ABL1,25,c.743T>G,Dasatinib,DB01254,Resistant,3
ABL1,25,c.743T>G,Imatinib,DB00619,Resistant,3
ABL1,25,c.950T>C,Dasatinib,DB01254,Resistant,3
ABL1,25,c.756G>C,Dasatinib,DB01254,Resistant,3
ABL1,25,c.944C>T,Dasatinib + Nilotinib,DB01254 + DB04868,Resistant,3
ABL1,25,c.742C>G,Imatinib Mesylate + Nilotinib,DB00619 + DB04868,Resistant,3
ABL1,25,c.757T>C,Imatinib Mesylate + Nilotinib,DB00619 + DB04868,Resistant,3
ABL1,25,c.931T>C,Imatinib Mesylate + Nilotinib,DB00619 + DB04868,Resistant,3
ABL1,25,c.1076T>G,Imatinib Mesylate + Nilotinib,DB00619 + DB04868,Resistant,3
ABL1,25,c.1187A>C,Imatinib Mesylate + Nilotinib,DB00619 + DB04868,Resistant,3
ABL1,25,c.895G>C,Imatinib Mesylate + Dasatinib,DB00619 + DB01254,Resistant,3
ABL1,25,c.1423_1424delTGinsGT,Imatinib,DB00619,Resistant,2
ABL1,25,c.1007A>G,Imatinib,DB00619,Resistant,2
ABL1,25,c.1161G>C,Imatinib,DB00619,Resistant,2
ABL1,25,c.899A>G,Imatinib,DB00619,Resistant,2
ABL1,25,c.1375G>A,Dasatinib,DB01254,Resistant,2
AKT1,207,c.235C>A,Vemurafenib,DB08881,Resistant,3
AKT1,207,c.49G>A,Vemurafenib,DB08881,Resistant,3
AKT1,207,c.235C>A,Dabrafenib,DB08912,Resistant,2
AKT1,207,c.235C>A,BRAF inhibitors,.,Resistant,3
AKT1,207,c.238_239delTGinsGC,MK2206,.,Resistant,3
AKT3,10000,c.49G>A,Vemurafenib,DB08881,Resistant,3
ALK,238,c.3512T>C,Alectinib,DB11363,Resistant,2
ALK,238,c.3367G>A,Ceritinib,DB09063,Resistant,2
ALK,238,c.3467G>A,Crizotinib,DB08865,Resistant,2
ALK,238,c.3586C>A,Crizotinib,DB08865,Resistant,2
ALK,238,c.3520T>C,Crizotinib,DB08865,Resistant,3
ALK,238,c.3455T>G,Crizotinib,DB08865,Resistant,2
ALK,238,c.3520T>C,Crizotinib,DB08865,Resistant,2
ALK,238,c.3604G>A,Crizotinib,DB08865,Resistant,2
ALK,238,c.3617C>A,Crizotinib,DB08865,Resistant,2
ALK,238,c.3806G>C,Crizotinib,DB08865,Resistant,2
ALK,238,c.3512T>C,Crizotinib,DB08865,Resistant,2
ALK,238,c.3522C>A,Crizotinib,DB08865,Resistant,3
ALK,238,c.3604G>A,Crizotinib,DB08865,Resistant,3
ALK,238,c.3617C>A,Crizotinib,DB08865,Resistant,3
ALK,238,c.3453_3454,Crizotinib,DB08865,Resistant,2
ALK,238,c.3467G>A,AUY922,DB11881,Resistant,2
ALK,238,c.3467G>A,Ceritinib,DB09063,Resistant,2
ALK,238,c.3538G>C,Alectinib,DB11363,Resistant,3
ALK,238,c.3512T>C,Crizotinib,DB08865,Resistant,3
ALK,238,c.3538G>C,Crizotinib,DB08865,Resistant,3
ALK,238,c.3734T>G,Crizotinib,DB08865,Resistant,2
ALK,238,c.3734T>G,Crizotinib,DB08865,Resistant,3
ALK,238,c.3604G>A,Ceritinib,DB09063,Resistant,3
ALK,238,c.3453_3454,Alectinib,DB11363,Resistant,3
ALK,238,c.3453_3454,TAE684,.,Resistant,3
ALK,238,c.3604G>A,Alectinib,DB11363,Resistant,3
ALK,238,c.3604G>A,Brigatinib,DB12267,Resistant,3
ALK,238,c.3806G>C,Alectinib,DB11363,Resistant,3
ALK,238,c.3512T>A,Crizotinib,DB08865,Resistant,2
ALK,238,c.3512T>A,Alectinib,DB11363,Resistant,2
ALK,238,c.3512T>G,Alectinib,DB11363,Resistant,2
ALK,238,c.3512T>G,Crizotinib,DB08865,Resistant,2
ALK,238,c.3383G>C,Crizotinib,DB08865,Resistant,2
ALK,238,c.3592C>T,Lorlatinib,DB12130,Resistant,2
ALK,238,c.3604G>A,Alectinib,DB11363,Resistant,2
APC,324,c.2555T>A,G007-LK,.,Resistant,3
APC,324,c.5455_5456insC,IWR-1,.,Resistant,3
APC,324,c.2656C>T,XAV939,.,Resistant,3
APC,324,c.2656C>T,NVP-TNKS656,.,Resistant,3
APC,324,c.2656C>T,G007-LK,.,Resistant,3
AR,367,c.2105T>A,Abiraterone,DB05812,Resistant,2
AR,367,c.2632A>G,Abiraterone,DB05812,Resistant,2
AR,367,c.2629T>C,Apalutamide,DB11901,Resistant,2
AR,367,c.2629T>C,Enzalutamide,DB08899,Resistant,2
AR,367,c.2632A>G,Flutamide,DB00499,Resistant,2
AR,367,c.2629T>C,Enzalutamide,DB08899,Resistant,3
AR,367,c.2629T>C,Apalutamide,DB11901,Resistant,3
AR,367,c.2226G>T,Bicalutamide,DB01128,Resistant,3
AR,367,c.2225G>T,Bicalutamide,DB01128,Resistant,3
ARAF,369,c.1468T>A,Vemurafenib + Cetuximab + Irinotecan,DB08881 + DB00002 + DB00762,Resistant,2
B2M,567,c.42_45,Pembrolizumab,DB09037,Resistant,2
BCL2,596,c.302G>T,Venetoclax,DB11581,Resistant,3
BCL2,596,c.310T>A,Venetoclax,DB11581,Resistant,2
BRAF,673,c.1799T>A,Cetuximab,DB00002,Resistant,2
BRAF,673,c.1799T>A,Panitumumab,DB01269,Resistant,2
BRAF,673,c.1798_1799,Panitumumab,DB01269,Resistant,2
BRAF,673,c.1798_1799,Refametinib,DB06309,Resistant,2
BRAF,673,c.1798_1799,Vemurafenib,DB08881,Resistant,2
BRAF,673,c.1514T>A,Vemurafenib,DB08881,Resistant,2
BRAF,673,c.1799T>A,Oxaliplatin,DB00526,Resistant,2
BRAF,673,c.1799T>A,Irinotecan,DB00762,Resistant,2
BRAF,673,c.1799T>A,Bevacizumab,DB00112,Resistant,2
BRAF,673,c.1781A>G,Irinotecan + Cetuximab,DB00762 + DB00002,Resistant,2
BRAF,673,c.1781A>G,U0126,.,Resistant,3
BRAF,673,c.1406G>A,U0126,.,Resistant,3
BRAF,673,c.1780_1782delGATinsAAG,Irinotecan,DB00762,Resistant,2
BRAF,673,c.1780_1782delGATinsAAG,Oxaliplatin,DB00526,Resistant,2
BRAF,673,c.1799T>A,EGFR TKIs,.,Resistant,2
BRAF,673,c.1798_1800,Cetuximab,DB00002,Resistant,2
BRAF,673,c.1798_1800,Panitumumab,DB01269,Resistant,2
BRAF,673,c.1406G>C,EGFR TKIs,.,Resistant,2
BRAF,673,c.1406G>T,Vemurafenib,DB08881,Resistant,3
BRAF,673,c.1802A>C,Vemurafenib,DB08881,Resistant,3
BRAF,673,c.141_1140+2del55905,Dabrafenib + Trametinib,DB08912 + DB08911,Resistant,2
BRAF,673,c.1510_1518,Trametinib,DB08911,Resistant,3
BRAF,673,c.1510_1518,Vemurafenib,DB08881,Resistant,3
BRAF,673,c.1510_1518,Sorafenib,DB00398,Resistant,3
BRAF,673,c.1790T>A,Vemurafenib,DB08881,Resistant,2
BRAF,673,c.1741A>T,GDC0879,.,Resistant,3
BRAF,673,c.1390G>A,Vemurafenib,DB08881,Resistant,3
BRAF,673,c.1540C>G,Dabrafenib,DB08912,Resistant,3
BRAF,673,c.1391G>T,Vemurafenib,DB08881,Resistant,3
BRAF,673,c.1801A>G,Trametinib,DB08911,Resistant,2
BRAF,673,c.1801A>G,Dabrafenib + Trametinib,DB08912 + DB08911,Resistant,2
BRAF,673,c.1789C>G,Vemurafenib,DB08881,Resistant,3
BRAF,673,c.1454_1455delTGinsAT,GDC0879,.,Resistant,3
BRAF,673,c.1457_1471del15,Dabrafenib,DB08912,Resistant,3
BRAF,673,c.1457_1471del15,Vemurafenib,DB08881,Resistant,3
BRAF,673,c.1406G>C,Vemurafenib,DB08881,Resistant,3
BRAF,673,c.1406G>C,Vemurafenib,DB08881,Resistant,2
BRAF,673,c.1406G>C,RMC-4550,.,Resistant,3
BRAF,673,c.1460_1474del15,Vemurafenib,DB08881,Resistant,3
BRAF,673,c.1460_1474del15,Dabrafenib,DB08912,Resistant,3
BRAF,673,c.1397G>A,Dabrafenib,DB08912,Resistant,3
BRAF,673,c.1397G>A,Vemurafenib,DB08881,Resistant,3
BRAF,673,c.1397G>A,PLX7904,.,Resistant,3
BRAF,673,c.1799T>A,Nivolumab,DB09035,Resistant,2
BRAF,673,c.1799T>A,Dabrafenib + Trametinib + SCH772984,DB08912 + DB08911 + .,Resistant,3
BRAF,673,c.1799T>A,Pembrolizumab,DB09037,Resistant,2
BRAF,673,c.1799T>A,PD-0325901,DB07101,Resistant,3
BRAF,673,c.1799T>A,PLX4720,DB06999,Resistant,3
BRAF,673,c.1799T>A,Dasatinib,DB01254,Resistant,3
BRAF,673,c.1799T>A,SHP099,.,Resistant,3
BRAF,673,c.1799T>A,RMC-4550,.,Resistant,3
BRAF,673,c.1803A>C,Vemurafenib,DB08881,Resistant,3
BRAF,673,c.1783T>C,Vemurafenib,DB08881,Resistant,3
BRAF,673,c.1397G>T,Vemurafenib,DB08881,Resistant,3
BRAF,673,c.1786G>C,Vemurafenib,DB08881,Resistant,3
BRAF,673,c.1780G>A,Vemurafenib,DB08881,Resistant,3
BRAF,673,c.1453_1470delinsTAT,Vemurafenib,DB08881,Resistant,3
BRAF,673,c.1391G>A,Vemurafenib,DB08881,Resistant,3
BTK,695,c.1441T>A,Ibrutinib,DB09053,Resistant,2
BTK,695,c.946A>G,Ibrutinib,DB09053,Resistant,2
BTK,695,c.1441_1443,Ibrutinib,DB09053,Resistant,2
CRBN,51185,c.298C>T,Lenalidomide,DB00480,Resistant,2
CRBN,51185,c.848G>A,Lenalidomide,DB00480,Resistant,2
CRBN,51185,c.298C>T,Pomalidomide,DB08910,Resistant,2
CRBN,51185,c.848G>A,Pomalidomide,DB08910,Resistant,2
CTNNB1,1499,c.98C>T,G007-LK,.,Resistant,3
EGFR,1956,c.1391C>T,Cetuximab,DB00002,Resistant,3
EGFR,1956,c.1393G>A,Cetuximab,DB00002,Resistant,3
EGFR,1956,c.1473A>G,Cetuximab,DB00002,Resistant,3
EGFR,1956,c.1476C>G,Cetuximab,DB00002,Resistant,2
EGFR,1956,c.1351C>T,Cetuximab,DB00002,Resistant,2
EGFR,1956,c.1400A>C,Cetuximab,DB00002,Resistant,2
EGFR,1956,c.2527G>A,Gefitinib,DB00317,Resistant,2
EGFR,1956,c.2389T>A,Osimertinib,DB09330,Resistant,2
EGFR,1956,c.1393G>A,Panitumumab,DB01269,Resistant,2
EGFR,1956,c.2369C>T,Afatinib,DB08916,Resistant,1
EGFR,1956,c.2369C>T,Erlotinib,DB00530,Resistant,1
EGFR,1956,c.2392C>A,Rociletinib,DB11907,Resistant,2
EGFR,1956,c.2369C>T,Gefitinib,DB00317,Resistant,2
EGFR,1956,c.2369C>T,Gefitinib,DB00317,Resistant,3
EGFR,1956,c.2369C>T,AEE-788,DB12558,Resistant,3
EGFR,1956,c.425_559,Cisplatin,DB00515,Resistant,3
EGFR,1956,c.1476C>A,Cetuximab,DB00002,Resistant,2
EGFR,1956,c.1393G>A,Cetuximab,DB00002,Resistant,2
EGFR,1956,c.1400A>C,Cetuximab,DB00002,Resistant,3
EGFR,1956,c.2369C>T,Erlotinib,DB00530,Resistant,2
EGFR,1956,c.2281G>T,Gefitinib,DB00317,Resistant,2
EGFR,1956,c.2281G>T,Erlotinib,DB00530,Resistant,2
EGFR,1956,c.2158_2159delTCinsAT,Erlotinib,DB00530,Resistant,2
EGFR,1956,c.2289_2320,Afatinib,DB08916,Resistant,2
EGFR,1956,c.2369C>T,Lapatinib,DB01259,Resistant,3
EGFR,1956,c.2311_2312insGCGTAGACA,Erlotinib,DB00530,Resistant,3
EGFR,1956,c.2319_2320insCAT,Erlotinib,DB00530,Resistant,3
EGFR,1956,c.2512C>G,Erlotinib,DB00530,Resistant,3
EGFR,1956,c.2573T>G,Crizotinib,DB08865,Resistant,2
EGFR,1956,c.2310_2311insGGTACA,Erlotinib,DB00530,Resistant,2
EGFR,1956,c.2289_2320,Erlotinib,DB00530,Resistant,2
EGFR,1956,c.2299_2307,Erlotinib,DB00530,Resistant,2
EGFR,1956,c.2300_2301insAATCGC,Erlotinib,DB00530,Resistant,3
EGFR,1956,c.2292_2293insCATCAT,Erlotinib,DB00530,Resistant,3
EGFR,1956,c.2310_2311insGGTTAT,Erlotinib,DB00530,Resistant,2
EGFR,1956,c.2316_2317insTATAACCCT,Erlotinib,DB00530,Resistant,2
EGFR,1956,c.2317_2318insCTCATGTAC,Erlotinib,DB00530,Resistant,2
EGFR,1956,c.2158_2160,Erlotinib,DB00530,Resistant,2
EGFR,1956,c.88_1008,EGFR TKIs,.,Resistant,2
EGFR,1956,c.2240_2257del18,Gefitinib,DB00317,Resistant,2
EGFR,1956,c.2374_2376,Osimertinib,DB09330,Resistant,2
EGFR,1956,c.2152_2154,Osimertinib,DB09330,Resistant,2
EGFR,1956,c.2239_2253delinsCCT,Cetuximab,DB00002,Resistant,3
EGFR,1956,c.2236_2237insTACCTGTAGCAATCAAGG,Cetuximab,DB00002,Resistant,3
EGFR,1956,c.2292_2293insCATCAT,Afatinib,DB08916,Resistant,3
EGFR,1956,c.2292_2293insCATCAT,Osimertinib,DB09330,Resistant,3
EGFR,1956,c.2292_2293insCATCAT,Naquotinib,DB12036,Resistant,3
EGFR,1956,c.2292_2293insCATCAT,Dacomitinib,DB11963,Resistant,3
EGFR,1956,c.2299_2307,Gefitinib,DB00317,Resistant,3
EGFR,1956,c.2299_2307,Gefitinib,DB00317,Resistant,2
EGFR,1956,c.2299_2307,Erlotinib,DB00530,Resistant,3
EGFR,1956,c.2299_2307,Rociletinib,DB11907,Resistant,3
EGFR,1956,c.2299_2307,Dacomitinib,DB11963,Resistant,3
EGFR,1956,c.2153T>A,Erlotinib,DB00530,Resistant,3
EGFR,1956,c.2153T>A,Osimertinib,DB09330,Resistant,3
EGFR,1956,c.2302_2310,Erlotinib,DB00530,Resistant,2
EGFR,1956,c.2302_2310,Afatinib,DB08916,Resistant,3
EGFR,1956,c.2302_2310,Erlotinib,DB00530,Resistant,3
EGFR,1956,c.2302_2310,Dacomitinib,DB11963,Resistant,3
EGFR,1956,c.2302_2310,Cetuximab,DB00002,Resistant,3
EGFR,1956,c.2302_2310,Gefitinib,DB00317,Resistant,3
EGFR,1956,c.2302_2310,Rociletinib,DB11907,Resistant,3
EGFR,1956,c.2293G>A,Cetuximab,DB00002,Resistant,3
EGFR,1956,c.2551G>A,Erlotinib,DB00530,Resistant,3
EGFR,1956,c.2551G>A,Cetuximab,DB00002,Resistant,3
EGFR,1956,c.2551G>A,Gefitinib,DB00317,Resistant,3
EGFR,1956,c.2611G>A,Osimertinib,DB09330,Resistant,3
EGFR,1956,c.2611G>A,Gefitinib,DB00317,Resistant,3
EGFR,1956,c.2257C>T,Rociletinib,DB11907,Resistant,3
EGFR,1956,c.2316_2317insGGTAACCCT,Erlotinib,DB00530,Resistant,3
EGFR,1956,c.2316_2317insGGTAACCCT,OBX1-012,.,Resistant,3
EGFR,1956,c.2609A>G,Gefitinib,DB00317,Resistant,3
EGFR,1956,c.1793G>T,Rociletinib,DB11907,Resistant,3
EGFR,1956,c.2096C>T,Erlotinib,DB00530,Resistant,2
EGFR,1956,c.2155G>T,Cetuximab,DB00002,Resistant,3
EGFR,1956,c.2582T>A,Cetuximab,DB00002,Resistant,3
EGFR,1956,c.2582T>A,Erlotinib,DB00530,Resistant,3
EGFR,1956,c.2582T>A,Erlotinib,DB00530,Resistant,2
EGFR,1956,c.2290_2291insTTCAAGAGGCAT,Rociletinib,DB11907,Resistant,3
EGFR,1956,c.2290_2291insTTCAAGAGGCAT,Cetuximab,DB00002,Resistant,3
EGFR,1956,c.2593G>A,Rociletinib,DB11907,Resistant,3
EGFR,1956,c.2593G>A,Osimertinib,DB09330,Resistant,3
EGFR,1956,c.2500G>A,Rociletinib,DB11907,Resistant,3
EGFR,1956,c.102_869del11834,Etoposide,DB00773,Resistant,3
EGFR,1956,c.102_869del11834,Cetuximab,DB00002,Resistant,3
EGFR,1956,c.2302_2307delinsATCCTT,Gefitinib,DB00317,Resistant,2
EGFR,1956,c.2239_2240delTTinsCC,Erlotinib,DB00530,Resistant,2
EGFR,1956,c.2239_2240delTTinsCC,Gefitinib,DB00317,Resistant,2
EGFR,1956,c.2239_2240delTTinsCC,Osimertinib,DB09330,Resistant,2
EGFR,1956,c.2232C>G,Cetuximab,DB00002,Resistant,3
EGFR,1956,c.2156G>C,Erlotinib,DB00530,Resistant,3
EGFR,1956,c.2156G>C,Osimertinib,DB09330,Resistant,3
EGFR,1956,c.2156G>C,Rociletinib,DB11907,Resistant,3
EGFR,1956,c.2156G>C,Cetuximab,DB00002,Resistant,3
EGFR,1956,c.2156G>C,Gefitinib,DB00317,Resistant,3
EGFR,1956,c.2497T>G,Gefitinib,DB00317,Resistant,3
EGFR,1956,c.2497T>G,Rociletinib,DB11907,Resistant,3
EGFR,1956,c.2326C>T,Rociletinib,DB11907,Resistant,3
EGFR,1956,c.2104G>A,Gefitinib,DB00317,Resistant,2
EGFR,1956,c.2618G>A,Afatinib,DB08916,Resistant,3
EGFR,1956,c.2618G>A,Erlotinib,DB00530,Resistant,3
EGFR,1956,c.2618G>A,Gefitinib,DB00317,Resistant,3
EGFR,1956,c.2310_2311insGTAGACAGCGTAGACAACCCT,Gefitinib,DB00317,Resistant,2
EGFR,1956,c.2311_2319,Gefitinib,DB00317,Resistant,3
EGFR,1956,c.2311_2319,Erlotinib,DB00530,Resistant,3
EGFR,1956,c.2222C>T,Rociletinib,DB11907,Resistant,3
EGFR,1956,c.2573T>G,unspecified PD-L1 antibody,.,Resistant,2
EGFR,1956,c.2573T>G,unspecified CTLA4 antibody + unspecified PD-1 antibody,.,Resistant,2
EGFR,1956,c.2573T>G,unspecified PD-1 antibody,.,Resistant,2
EGFR,1956,c.2240_2254del15,Cetuximab,DB00002,Resistant,3
EGFR,1956,c.2236_2250delinsATCCCT,Cetuximab,DB00002,Resistant,3
EGFR,1956,c.2389T>A,Afatinib,DB08916,Resistant,3
EGFR,1956,c.2389T>A,Rociletinib,DB11907,Resistant,3
EGFR,1956,c.2389T>A,Osimertinib,DB09330,Resistant,3
EGFR,1956,c.2251_2277delinsAAC,Cetuximab,DB00002,Resistant,3
EGFR,1956,c.2288C>T,Gefitinib,DB00317,Resistant,2
EGFR,1956,c.2236_2250del15,JBJ-04-125-02,.,Resistant,3
EGFR,1956,c.2236_2250del15,Lapatinib,DB01259,Resistant,3
EGFR,1956,c.3352G>A,Cetuximab,DB00002,Resistant,3
EGFR,1956,c.866C>T,Rociletinib,DB11907,Resistant,3
EGFR,1956,c.2254_2277del24,Cetuximab,DB00002,Resistant,3
EGFR,1956,c.2492G>T,Rociletinib,DB11907,Resistant,3
EGFR,1956,c.1391C>T,Panitumumab,DB01269,Resistant,3
EGFR,1956,c.2560A>G,Erlotinib,DB00530,Resistant,3
EGFR,1956,c.2560A>G,Rociletinib,DB11907,Resistant,3
EGFR,1956,c.2560A>G,Cetuximab,DB00002,Resistant,3
EGFR,1956,c.2560A>G,Gefitinib,DB00317,Resistant,3
EGFR,1956,c.2584C>G,Gefitinib,DB00317,Resistant,2
EGFR,1956,c.2239_2259delinsCAA,Cetuximab,DB00002,Resistant,3
EGFR,1956,c.2236_2253delinsGTA,Cetuximab,DB00002,Resistant,3
EGFR,1956,c.2203G>A,Cetuximab,DB00002,Resistant,3
EGFR,1956,c.2369C>T,Selumetinib,DB11689,Resistant,3
EGFR,1956,c.2369C>T,Icotinib,DB11737,Resistant,2
EGFR,1956,c.2369C>T,Afatinib,DB08916,Resistant,2
EGFR,1956,c.2236_2256delinsGTA,Cetuximab,DB00002,Resistant,3
EGFR,1956,c.2317C>T,Erlotinib,DB00530,Resistant,3
EGFR,1956,c.2317C>T,Rociletinib,DB11907,Resistant,3
EGFR,1956,c.2317C>T,Cetuximab,DB00002,Resistant,3
EGFR,1956,c.2239_2250del12,Cetuximab,DB00002,Resistant,3
EGFR,1956,c.2527G>A,Afatinib,DB08916,Resistant,3
EGFR,1956,c.2527G>A,Erlotinib,DB00530,Resistant,3
EGFR,1956,c.2527G>A,Gefitinib,DB00317,Resistant,3
EGFR,1956,c.2527G>A,Rociletinib,DB11907,Resistant,3
EGFR,1956,c.2500G>C,Rociletinib,DB11907,Resistant,3
EGFR,1956,c.2500G>C,Cetuximab,DB00002,Resistant,3
EGFR,1956,c.2239_2250delinsCCT,Erlotinib,DB00530,Resistant,2
EGFR,1956,c.2239_2250delinsCCT,Cetuximab,DB00002,Resistant,3
EGFR,1956,c.2239_2250delinsCCT,Afatinib,DB08916,Resistant,2
EGFR,1956,c.2239_2250delinsCCT,Osimertinib,DB09330,Resistant,3
EGFR,1956,c.2351C>T,Erlotinib,DB00530,Resistant,2
EGFR,1956,c.2300C>T,Rociletinib,DB11907,Resistant,3
EGFR,1956,c.2587G>A,Erlotinib,DB00530,Resistant,2
EGFR,1956,c.2127_2129delAAC,Osimertinib,DB09330,Resistant,3
EGFR,1956,c.2127_2129delAAC,Gefitinib,DB00317,Resistant,3
EGFR,1956,c.2127_2129delAAC,Erlotinib,DB00530,Resistant,3
EGFR,1956,c.2127_2129delAAC,Cetuximab,DB00002,Resistant,3
EGFR,1956,c.2127_2129delAAC,Rociletinib,DB11907,Resistant,3
EGFR,1956,c.2240T>C,Cetuximab,DB00002,Resistant,3
EGFR,1956,c.2512C>G,Cetuximab,DB00002,Resistant,3
EGFR,1956,c.2126A>G,Erlotinib,DB00530,Resistant,3
EGFR,1956,c.2126A>G,Gefitinib,DB00317,Resistant,3
EGFR,1956,c.2126A>G,Rociletinib,DB11907,Resistant,3
EGFR,1956,c.2305G>A,Rociletinib,DB11907,Resistant,3
EGFR,1956,c.2245G>C,Gefitinib,DB00317,Resistant,2
EGFR,1956,c.2245G>C,Erlotinib,DB00530,Resistant,2
EGFR,1956,c.2543C>T,Rociletinib,DB11907,Resistant,3
EGFR,1956,c.2543C>T,Erlotinib,DB00530,Resistant,2
EGFR,1956,c.2159C>T,Rociletinib,DB11907,Resistant,3
EGFR,1956,c.2236_2259delinsGTAAGC,Cetuximab,DB00002,Resistant,3
EGFR,1956,c.2125G>A,Erlotinib,DB00530,Resistant,3
EGFR,1956,c.2125G>A,Osimertinib,DB09330,Resistant,3
EGFR,1956,c.2125G>A,Rociletinib,DB11907,Resistant,3
EGFR,1956,c.2125G>A,Gefitinib,DB00317,Resistant,3
EGFR,1956,c.1476C>G,Rociletinib,DB11907,Resistant,3
EGFR,1956,c.2283+1_2283+2insAGGCATTTCAAG,Cetuximab,DB00002,Resistant,3
EGFR,1956,c.2107C>A,Osimertinib,DB09330,Resistant,3
EGFR,1956,c.2107C>A,Cetuximab,DB00002,Resistant,3
EGFR,1956,c.2318A>T,Erlotinib,DB00530,Resistant,3
EGFR,1956,c.2318A>T,EKI-285,.,Resistant,3
EGFR,1956,c.2318A>T,Gefitinib,DB00317,Resistant,3
EGFR,1956,c.2240_2257del18,Cetuximab,DB00002,Resistant,3
EGFR,1956,c.2590G>A,Gefitinib,DB00317,Resistant,3
EGFR,1956,c.2590G>A,Rociletinib,DB11907,Resistant,3
EGFR,1956,c.2575G>A,Cetuximab,DB00002,Resistant,3
EGFR,1956,c.2575G>A,Rociletinib,DB11907,Resistant,3
EGFR,1956,c.2320G>A,Erlotinib,DB00530,Resistant,3
EGFR,1956,c.2320G>A,Gefitinib,DB00317,Resistant,3
EGFR,1956,c.2105C>T,Erlotinib,DB00530,Resistant,3
EGFR,1956,c.2126A>C,Rociletinib,DB11907,Resistant,3
EGFR,1956,c.2126A>C,Erlotinib,DB00530,Resistant,3
EGFR,1956,c.2126A>C,Gefitinib,DB00317,Resistant,3
EGFR,1956,c.2155G>A,Cetuximab,DB00002,Resistant,3
EGFR,1956,c.2582T>G,Cetuximab,DB00002,Resistant,3
EGFR,1956,c.2582T>G,Erlotinib,DB00530,Resistant,2
EGFR,1956,c.2155_2157,Osimertinib,DB09330,Resistant,2
EGFR,1956,c.2612C>G,Rociletinib,DB11907,Resistant,3
EGFR,1956,c.2612C>G,Cetuximab,DB00002,Resistant,3
EGFR,1956,c.2326C>G,Cetuximab,DB00002,Resistant,3
EGFR,1956,c.2404G>A,Cetuximab,DB00002,Resistant,3
EGFR,1956,c.2404G>A,Rociletinib,DB11907,Resistant,3
EGFR,1956,c.2317_2319,Erlotinib,DB00530,Resistant,2
EGFR,1956,c.2317_2319,Gefitinib,DB00317,Resistant,2
EGFR,1956,c.2317_2319,Erlotinib,DB00530,Resistant,3
EGFR,1956,c.2317_2319,Afatinib,DB08916,Resistant,3
EGFR,1956,c.2317_2319,Gefitinib,DB00317,Resistant,3
EGFR,1956,c.917C>T,Osimertinib,DB09330,Resistant,3
EGFR,1956,c.2108T>C,Rociletinib,DB11907,Resistant,3
EGFR,1956,c.1394G>A,Panitumumab,DB01269,Resistant,3
EGFR,1956,c.1394G>A,Cetuximab,DB00002,Resistant,3
EGFR,1956,c.1473A>G,Panitumumab,DB01269,Resistant,3
EGFR,1956,c.2311_2313,Cetuximab,DB00002,Resistant,3
EGFR,1956,c.2311_2313,Gefitinib,DB00317,Resistant,3
EGFR,1956,c.2311_2313,Erlotinib,DB00530,Resistant,3
EGFR,1956,c.2311_2313,Rociletinib,DB11907,Resistant,3
EGFR,1956,c.2240_2251del12,Cetuximab,DB00002,Resistant,3
EGFR,1956,c.2305G>C,Erlotinib,DB00530,Resistant,3
EGFR,1956,c.2305G>C,Rociletinib,DB11907,Resistant,3
EGFR,1956,c.2305G>C,Osimertinib,DB09330,Resistant,3
EGFR,1956,c.2305G>C,Gefitinib,DB00317,Resistant,3
EGFR,1956,c.2317_2322delinsCTTATG,Gefitinib,DB00317,Resistant,2
EGFR,1956,c.2308_2310delinsGGTTAT,Neratinib,DB11828,Resistant,3
EGFR,1956,c.2327G>A,Rociletinib,DB11907,Resistant,3
EGFR,1956,c.2303G>T,Erlotinib,DB00530,Resistant,3
EGFR,1956,c.2303G>T,Cetuximab,DB00002,Resistant,3
EGFR,1956,c.2303G>T,Gefitinib,DB00317,Resistant,3
EGFR,1956,c.2303G>T,Icotinib,DB11737,Resistant,2
EGFR,1956,c.2303G>T,Rociletinib,DB11907,Resistant,3
EGFR,1956,c.2477A>G,AEE-788,DB12558,Resistant,3
EGFR,1956,c.2477A>G,Gefitinib,DB00317,Resistant,3
EGFR,1956,c.2477A>G,Erlotinib,DB00530,Resistant,3
EGFR,1956,c.2126A>T,Rociletinib,DB11907,Resistant,3
EGFR,1956,c.2389T>G,Osimertinib,DB09330,Resistant,2
ERBB2,2064,c.2257A>G,Lapatinib,DB01259,Resistant,3
ERBB2,2064,c.2393C>T,Neratinib,DB11828,Resistant,2
ERBB2,2064,c.2264T>C,Lapatinib,DB01259,Resistant,3
ERBB2,2064,c.1988T>C,Cetuximab,DB00002,Resistant,3
ERBB2,2064,c.2281_2283delACA,Neratinib,DB11828,Resistant,2
ERBB2,2064,c.1976_1977delTTinsAG,Cetuximab,DB00002,Resistant,3
ERBB2,2064,c.1976_1977delTTinsAG,Gefitinib,DB00317,Resistant,3
ERBB2,2064,c.1976_1977delTTinsAG,Pertuzumab,DB06366,Resistant,3
ERBB2,2064,c.1979G>A,Pertuzumab,DB06366,Resistant,3
ERBB2,2064,c.1979G>A,Cetuximab,DB00002,Resistant,3
ERBB2,2064,c.929C>T,Panitumumab,DB01269,Resistant,3
ERBB2,2064,c.929C>T,Selumetinib,DB11689,Resistant,3
ERBB2,2064,c.929C>T,Neratinib,DB11828,Resistant,2
ERBB2,2064,c.929C>T,Cetuximab,DB00002,Resistant,3
ERBB2,2064,c.2089G>C,Neratinib,DB11828,Resistant,2
ERBB2,2064,c.2334_2335insCTTCCTAGC,Sapitinib,DB12183,Resistant,3
ERBB2,2064,c.2334_2335insCTTCCTAGC,Lapatinib,DB01259,Resistant,3
ERBB2,2064,c.2176C>A,Gefitinib,DB00317,Resistant,3
ERBB2,2064,c.2305G>C,Neratinib,DB11828,Resistant,2
ERBB2,2064,c.2305G>C,Lapatinib,DB01259,Resistant,3
ERBB2,2064,c.2305G>C,Sapitinib,DB12183,Resistant,3
ERBB2,2064,c.2330_2331insAGGTTGTGT,Neratinib,DB11828,Resistant,2
ERBB2,2064,c.2339C>T,Lapatinib,DB01259,Resistant,3
ERBB2,2064,c.2314_2325,AZ5104,.,Resistant,3
ERBB2,2064,c.2314_2325,Neratinib,DB11828,Resistant,2
ERBB2,2064,c.2314_2325,Sapitinib,DB12183,Resistant,3
ERBB2,2064,c.2314_2325,Erlotinib,DB00530,Resistant,3
ERBB2,2064,c.2314_2325,Lapatinib,DB01259,Resistant,3
ERBB2,2064,c.2314_2325,Tucatinib,DB11652,Resistant,3
ERBB2,2064,c.2314_2325,Dacomitinib,DB11963,Resistant,3
ERBB2,2064,c.2314_2325,Osimertinib,DB09330,Resistant,3
ERBB2,2064,c.2314_2325,Afatinib,DB08916,Resistant,3
ERBB2,2064,c.2521C>G,Neratinib,DB11828,Resistant,2
ERBB2,2064,c.2326_2328delinsGTAGTA,Sapitinib,DB12183,Resistant,3
ERBB2,2064,c.2326_2328delinsGTAGTA,Lapatinib,DB01259,Resistant,3
ERBB2,2064,c.2393_2394delCAinsTG,AEE-788,DB12558,Resistant,3
ERBB2,2064,c.2393_2394delCAinsTG,Lapatinib,DB01259,Resistant,3
ERBB2,2064,c.2393_2394delCAinsTG,Cetuximab,DB00002,Resistant,3
ERBB2,2064,c.2393_2394delCAinsTG,CI-1040,DB12429,Resistant,3
ERBB2,2064,c.2329G>C,Neratinib,DB11828,Resistant,2
ERBB2,2064,c.2329G>C,Trastuzumab,DB00072,Resistant,3
ERBB2,2064,c.2329G>C,Sapitinib,DB12183,Resistant,3
ERBB2,2064,c.2329G>C,Panitumumab,DB01269,Resistant,3
ERBB2,2064,c.2329G>C,Cetuximab,DB00002,Resistant,3
ERBB2,2064,c.2264T>C,AEE-788,DB12558,Resistant,3
ERBB2,2064,c.2264T>C,Sapitinib,DB12183,Resistant,3
ERBB2,2064,c.2257A>G,Trastuzumab,DB00072,Resistant,3
ERBB2,2064,c.2596C>A,Panitumumab,DB01269,Resistant,3
ERBB2,2064,c.2596C>A,Cetuximab,DB00002,Resistant,3
ERBB2,2064,c.2332_2340,Sapitinib,DB12183,Resistant,3
ERBB2,2064,c.2332_2340,Tucatinib,DB11652,Resistant,3
ERBB2,2064,c.2332_2340,Trastuzumab,DB00072,Resistant,3
ERBB2,2064,c.2332_2340,Afatinib,DB08916,Resistant,3
ERBB2,2064,c.2332_2340,Lapatinib,DB01259,Resistant,3
ERBB2,2064,c.2332_2340,Erlotinib,DB00530,Resistant,3
ERBB2,2064,c.2332_2340,AZ5104,.,Resistant,3
ERBB2,2064,c.2332_2340,Osimertinib,DB09330,Resistant,3
ERBB2,2064,c.2326_2328delinsCTTTGT,Sapitinib,DB12183,Resistant,3
ERBB2,2064,c.2326_2328delinsCTTTGT,Lapatinib,DB01259,Resistant,3
ERBB2,2064,c.2356C>G,Lapatinib,DB01259,Resistant,3
ERBB2,2064,c.2356C>G,Sapitinib,DB12183,Resistant,3
ERBB2,2064,c.2126A>T,Cetuximab,DB00002,Resistant,3
ERBB2,2064,c.2176C>T,Lapatinib,DB01259,Resistant,3
ERBB2,2064,c.2584A>G,Lapatinib,DB01259,Resistant,3
ERBB2,2064,c.2033G>A,Cetuximab,DB00002,Resistant,3
ERBB2,2064,c.2033G>A,Neratinib,DB11828,Resistant,2
ERBB2,2064,c.1958C>G,Selumetinib,DB11689,Resistant,3
ERBB2,2064,c.2305G>T,Lapatinib,DB01259,Resistant,3
ERBB2,2064,c.2305G>T,Neratinib,DB11828,Resistant,2
ERBB2,2064,c.2305G>T,Sapitinib,DB12183,Resistant,3
ERBB2,2064,c.2606T>G,Lapatinib,DB01259,Resistant,3
ERBB2,2064,c.2606T>G,Lapatinib + Trastuzumab,DB01259 + DB00072,Resistant,2
ERBB2,2064,c.2606T>G,Lapatinib,DB01259,Resistant,2
ERBB2,2064,c.2606T>G,Sapitinib,DB12183,Resistant,3
ERBB2,2064,c.2149G>A,Lapatinib,DB01259,Resistant,3
ERBB2,2064,c.2493G>C,Neratinib,DB11828,Resistant,2
ERBB2,2064,c.2198C>T,Lapatinib,DB01259,Resistant,3
ERBB2,2064,c.2305G>A,Sapitinib,DB12183,Resistant,3
ERBB2,2064,c.2326_2328delinsGTATGT,Erlotinib,DB00530,Resistant,3
ERBB2,2064,c.2326_2328delinsGTATGT,Tucatinib,DB11652,Resistant,3
ERBB2,2064,c.2326_2328delinsGTATGT,Lapatinib,DB01259,Resistant,3
ERBB2,2064,c.2326_2328delinsGTATGT,Sapitinib,DB12183,Resistant,3
ERBB2,2064,c.2326_2328delinsGTATGT,Gefitinib,DB00317,Resistant,3
ERBB2,2064,c.2350C>G,Cetuximab,DB00002,Resistant,2
ERBB2,2064,c.2347T>C,Lapatinib,DB01259,Resistant,3
ERBB2,2064,c.1978G>C,Pertuzumab,DB06366,Resistant,3
ERBB2,2064,c.1978G>C,Cetuximab,DB00002,Resistant,3
ERBB2,2064,c.2353C>T,Lapatinib,DB01259,Resistant,3
ERBB2,2064,c.2263_2264delCTinsAG,Panitumumab,DB01269,Resistant,3
ERBB2,2064,c.2263_2264delCTinsAG,AEE-788,DB12558,Resistant,3
ERBB2,2064,c.2263_2264delCTinsAG,Cetuximab,DB00002,Resistant,3
ERBB2,2064,c.2263_2264delCTinsAG,Lapatinib,DB01259,Resistant,3
ERBB2,2064,c.2263_2264delCTinsAG,Sapitinib,DB12183,Resistant,3
ERBB2,2064,c.2318T>C,Lapatinib,DB01259,Resistant,3
ERBB2,2064,c.2570A>G,Lapatinib,DB01259,Resistant,3
ERBB2,2064,c.2156A>G,Lapatinib,DB01259,Resistant,3
ERBB2,2064,c.2524G>A,Lapatinib,DB01259,Resistant,3
ERBB2,2064,c.2524G>A,Neratinib,DB11828,Resistant,2
ERBB2,2064,c.2524G>A,Panitumumab,DB01269,Resistant,3
ERBB2,2064,c.2524G>A,Cetuximab,DB00002,Resistant,3
ERBB2,2064,c.2524G>A,Sapitinib,DB12183,Resistant,3
ERBB2,2064,c.2524G>A,Trastuzumab,DB00072,Resistant,3
ERBB2,2064,c.2434G>A,Lapatinib,DB01259,Resistant,3
ERBB2,2064,c.2407T>A,Lapatinib,DB01259,Resistant,3
ERBB2,2064,c.2317G>A,Lapatinib,DB01259,Resistant,3
ERBB2,2064,c.2317G>A,Sapitinib,DB12183,Resistant,3
ERBB2,2064,c.2265_2279del15,Lapatinib,DB01259,Resistant,3
ERBB2,2064,c.2393C>T,Lapatinib,DB01259,Resistant,3
ERBB2,2064,c.2333G>C,Neratinib,DB11828,Resistant,2
ERBB2,2064,c.929C>A,Cetuximab,DB00002,Resistant,3
ERBB2,2064,c.929C>A,Neratinib,DB11828,Resistant,2
ERBB2,2064,c.874G>C,Neratinib,DB11828,Resistant,2
ERBB4,2066,c.2425_2426delCAinsGG,Lapatinib,DB01259,Resistant,2
ERCC2,2068,c.2251A>C,Cisplatin,DB00515,Resistant,2
ESR1,2099,c.1610A>C,Fulvestrant,DB00947,Resistant,3
ESR1,2099,c.1607_1608delTCinsAA,Hormone Therapy,.,Resistant,3
ESR1,2099,c.1613A>G,Hormone Therapy,.,Resistant,3
ESR1,2099,c.1610A>G,Hormone Therapy,.,Resistant,3
ESR1,2099,c.1609T>A,Hormone Therapy,.,Resistant,3
ESR1,2099,c.1610A>C,Hormone Therapy,.,Resistant,3
ESR1,2099,c.1387T>C,Aromatase inhibitors,.,Resistant,3
ESR1,2099,c.1138G>C,anti-estrogens,.,Resistant,2
ESR1,2099,c.1606_1608,anti-estrogens,.,Resistant,2
ESR1,2099,c.1604C>A,anti-estrogens,.,Resistant,2
EZH2,2146,c.331T>G,Tazemetostat,DB12887,Resistant,3
EZH2,2146,c.331T>G,GSK126,.,Resistant,3
EZH2,2146,c.1922A>C,DZNeP,.,Resistant,3
EZH2,2146,c.1922A>C,GSK126,.,Resistant,3
EZH2,2146,c.2032_2037delinsAAGAAG,Tazemetostat,DB12887,Resistant,3
FBXW7,55294,c.1393C>T,MRK-003,.,Resistant,3
FBXW7,55294,c.1394G>A,MRK-003,.,Resistant,3
FBXW7,55294,c.1513C>T,Regorafenib,DB08896,Resistant,3
FBXW7,55294,c.1513C>T,MRK-003,.,Resistant,3
FBXW7,55294,c.1436G>A,MRK-003,.,Resistant,3
FBXW7,55294,c.1514G>T,MRK-003,.,Resistant,3
FGFR1,2260,c.1681G>A,AZD-4547,DB12247,Resistant,3
FGFR2,2263,c.1693G>A,Dovitinib,DB05928,Resistant,3
FGFR2,2263,c.1608G>C,Dovitinib,DB05928,Resistant,3
FGFR2,2263,c.1614G>C,Dovitinib,DB05928,Resistant,3
FGFR2,2263,c.1642A>G,Dovitinib,DB05928,Resistant,3
FGFR2,2263,c.1650T>G,Dovitinib,DB05928,Resistant,3
FGFR2,2263,c.1697A>G,Dovitinib,DB05928,Resistant,3
FGFR2,2263,c.1852T>A,Dovitinib,DB05928,Resistant,3
FGFR2,2263,c.1978A>G.,Dovitinib,DB05928,Resistant,3
FGFR2,2263,c.1642A>G,PD173074,.,Resistant,3
FGFR2,2263,c.1650T>G,PD173074,.,Resistant,3
FGFR2,2263,c.1650T>G,AZD-4547,DB12247,Resistant,3
FGFR2,2263,c.1852T>A,PD173074,.,Resistant,3
FGFR2,2263,c.1614G>C,Ponatinib,DB08901,Resistant,3
FGFR2,2263,c.1614G>C,PD173074,.,Resistant,3
FGFR2,2263,c.1647T>G,Dovitinib,DB05928,Resistant,3
FGFR2,2263,c.1647T>G,Nintedanib,DB09079,Resistant,3
FGFR2,2263,c.1649A>G,Dovitinib,DB05928,Resistant,3
FGFR2,2263,c.1649A>G,PD173074,.,Resistant,3
FGFR2,2263,c.1697A>G,PD173074,.,Resistant,3
FGFR2,2263,c.1690G>A,DEBIO-1347,DB12903,Resistant,3
FGFR2,2263,c.1693G>A,PD173074,.,Resistant,3
FGFR2,2263,c.1693G>A,Ponatinib,DB08901,Resistant,3
FGFR2,2263,c.1608G>C,PD173074,.,Resistant,3
FGFR2,2263,c.755C>G,Dovitinib,DB05928,Resistant,3
FGFR2,2263,c.755C>G,AZD-4547,DB12247,Resistant,3
FGFR2,2263,c.755C>G,RO4987655,DB12933,Resistant,3
FGFR2,2263,c.755C>G,Selumetinib,DB11689,Resistant,3
FGFR2,2263,c.1648A>C,PD173074,.,Resistant,3
FGFR2,2263,c.1648A>C,Dovitinib,DB05928,Resistant,3
FGFR2,2263,c.1690G>T,AZD-4547,DB12247,Resistant,3
FGFR2,2263,c.1690G>T,Infigratinib,DB11886,Resistant,3
FGFR2,2263,c.1690G>C,DEBIO-1347,DB12903,Resistant,3
FGFR2,2263,c.1978A>G,PD173074,.,Resistant,3
FGFR2,2263,c.1978A>G,Dovitinib,DB05928,Resistant,3
FGFR3,2261,c.1118A>G,Bortezomib,DB00188,Resistant,3
FGFR3,2261,c.746C>G,Cisplatin,DB00515,Resistant,3
FGFR3,2261,c.1663G>A,FGFR inhibitors,.,Resistant,3
FGFR3,2261,c.1124A>G,Cediranib,DB04849,Resistant,3
FGFR3,2261,c.1124A>G,Nintedanib,DB09079,Resistant,3
FGFR3,2261,c.1822T>G,Infigratinib,DB11886,Resistant,3
FGFR3,2261,c.1822T>G,DEBIO-1347,DB12903,Resistant,3
FGFR3,2261,c.1822T>G,AZD-4547,DB12247,Resistant,3
FGFR3,2261,c.1663G>C,Infigratinib,DB11886,Resistant,2
FGFR3,2261,c.1663G>C,Infigratinib,DB11886,Resistant,3
FGFR3,2261,c.392C>T,Infigratinib,DB11886,Resistant,3
FGFR3,2261,c.1620C>G,LY-2874455,DB13022,Resistant,3
FGFR3,2261,c.1620C>G,FIIN-2,.,Resistant,3
FGFR3,2261,c.1620C>G,AZD-4547,DB12247,Resistant,3
FGFR3,2261,c.1620C>G,Infigratinib,DB11886,Resistant,3
FGFR3,2261,c.1620C>G,DEBIO-1347,DB12903,Resistant,3
FGFR3,2261,c.1948A>G,Infigratinib,DB11886,Resistant,3
FGFR3,2261,c.1948A>G,AZD-4547,DB12247,Resistant,3
FGFR3,2261,c.1663G>A,AZD-4547,DB12247,Resistant,3
FGFR3,2261,c.1663G>A,DEBIO-1347,DB12903,Resistant,3
FGFR3,2261,c.1663G>A,Infigratinib,DB11886,Resistant,3
FGFR3,2261,c.1663G>A,Infigratinib,DB11886,Resistant,2
FGFR3,2261,c.1663G>A,FIIN-2,.,Resistant,3
FGFR3,2261,c.746C>G,Nintedanib,DB09079,Resistant,3
FLT3,2322,c.1705_1837,Tretinoin,DB00755,Resistant,2
FLT3,2322,c.1705_1837,Daunorubicin,DB00694,Resistant,3
FLT3,2322,c.1705_1837,SU5614,.,Resistant,3
FLT3,2322,c.2503G>T,Sorafenib,DB00398,Resistant,2
FLT3,2322,c.2503G>T,Ponatinib,DB08901,Resistant,3
FLT3,2322,c.2503G>T,Quizartinib,DB12874,Resistant,2
FLT3,2322,c.2503G>T,SU5614,.,Resistant,3
FLT3,2322,c.1705_1837,All-trans Retinoic Acid + Anthracycline,DB00755 + .,Resistant,2
FLT3,2322,c.1705_1837,Selumetinib,DB11689,Resistant,2
FLT3,2322,c.2503G>C,Sorafenib,DB00398,Resistant,2
FLT3,2322,c.2504A>T,Tandutinib,DB05465,Resistant,3
FLT3,2322,c.2071T>C,Quizartinib,DB12874,Resistant,3
FLT3,2322,c.2503_2504delGAinsTT,Quizartinib,DB12874,Resistant,3
FLT3,2322,c.2026_2028,Quizartinib,DB12874,Resistant,3
FLT3,2322,c.2524_2526,Quizartinib,DB12874,Resistant,3
FLT3,2322,c.2504A>T,Pexidartinib,DB12978,Resistant,3
FLT3,2322,c.2503G>T,Pexidartinib,DB12978,Resistant,3
FLT3,2322,c.2503G>T,Sorafenib,DB00398,Resistant,3
FLT3,2322,c.2503G>T,Avapritinib,DB15233,Resistant,3
FLT3,2322,c.2503G>T,Tretinoin,DB00755,Resistant,2
FLT3,2322,c.1352C>T,Midostaurin,DB06595,Resistant,3
FLT3,2322,c.2525A>G,Imatinib,DB00619,Resistant,3
FLT3,2322,c.1285A>G,Crenolanib,DB11832,Resistant,3
FNTB,2342,c.7-17904G>C,Lonafarnib,DB06448,Resistant,2
GNAQ,2776,c.626A>C,Vemurafenib,DB08881,Resistant,2
GNAQ,2776,c.626A>C,PLX4720,DB06999,Resistant,3
GNAS,2778,c.601C>T,Vemurafenib + Cetuximab + Irinotecan,DB08881 + DB00002 + DB00762,Resistant,2
GNAS,2778,c.393T>C,Erlotinib,DB00530,Resistant,2
GNAS,2778,c.393T>C,Gefitinib,DB00317,Resistant,2
GNAS,2778,c.393T>C,Cisplatin + Fluorouracil,DB00515 + DB00544,Resistant,2
HRAS,3265,c.38G>A,EGFR inhibitors,.,Resistant,2
HRAS,3265,c.38G>A,Vemurafenib,DB08881,Resistant,2
HRAS,3265,c.38G>A,Cetuximab,DB00002,Resistant,3
HRAS,3265,c.35G>T,Panitumumab,DB01269,Resistant,3
HRAS,3265,c.35G>T,Cetuximab,DB00002,Resistant,3
IDH1,3417,c.395G>A,AGI-5198 + Talazoparib,. + DB11760,Resistant,3
IDH1,3417,c.395G>A,AGI-5198 + Metformin,. + DB00331,Resistant,3
IDH1,3417,c.395G>A,AGI-5198 + Radiotherapy,.,Resistant,3
IDH1,3417,c.394C>T,AGI-5198 + Olaparib,. + DB09074,Resistant,3
IDH1,3417,c.394C>T,AGI-5198 + Talazoparib,. + DB11760,Resistant,3
JAK1,3716,c.1507C>T,Pembrolizumab,DB09037,Resistant,2
JAK2,3717,c.2813G>A,Ruxolitinib,DB08877,Resistant,3
JAK2,3717,c.2600G>A,AZ960,.,Resistant,3
JAK2,3717,c.2600G>A,AUY922,DB11881,Resistant,3
JAK2,3717,c.2600G>A,Ruxolitinib,DB08877,Resistant,3
JAK2,3717,c.2600G>A,Momelotinib,DB11763,Resistant,3
JAK2,3717,c.2600G>A,Fedratinib,DB12500,Resistant,3
JAK2,3717,c.2792A>G,Ruxolitinib,DB08877,Resistant,3
JAK2,3717,c.1849G>T,AZD1208,.,Resistant,3
JAK2,3717,c.1849G>T,SGI-1776,DB12494,Resistant,3
JAK2,3717,c.1849G>T,Imatinib,DB00619,Resistant,3
JAK3,3718,c.1715C>T,NS-018,DB12784,Resistant,3
JAK3,3718,c.2021T>C,NIBR3049,.,Resistant,3
JAK3,3718,c.2570T>C,Ruxolitinib,DB08877,Resistant,3
KDR,3791,c.2518C>T,Regorafenib,DB08896,Resistant,3
KDR,3791,c.2518C>T,Sorafenib,DB00398,Resistant,3
KIT,3815,c.1727T>C,Sorafenib,DB00398,Resistant,3
KIT,3815,c.1727T>C,Imatinib,DB00619,Resistant,3
KIT,3815,c.1961T>C,Imatinib,DB00619,Resistant,3
KIT,3815,c.2447A>T,Imatinib,DB00619,Resistant,2
KIT,3815,c.2466T>A,Imatinib,DB00619,Resistant,2
KIT,3815,c.2467T>G,Imatinib,DB00619,Resistant,2
KIT,3815,c.2425T>G,Imatinib,DB00619,Resistant,2
KIT,3815,c.2459A>C,Imatinib,DB00619,Resistant,2
KIT,3815,c.2459A>G,Imatinib,DB00619,Resistant,2
KIT,3815,c.2446G>C,Imatinib,DB00619,Resistant,2
KIT,3815,c.1648_1674del27,Sunitinib,DB01268,Resistant,2
KIT,3815,c.1648_1774,Sunitinib,DB01268,Resistant,2
KIT,3815,c.1727T>C,Sunitinib,DB01268,Resistant,2
KIT,3815,c.1735_1737delGAT,Sunitinib,DB01268,Resistant,2
KIT,3815,c.2448C>G,Imatinib,DB00619,Resistant,3
KIT,3815,c.2448C>G,Sunitinib,DB01268,Resistant,3
KIT,3815,c.1665_1679del15,Sunitinib,DB01268,Resistant,2
KIT,3815,c.2466T>A,Sunitinib,DB01268,Resistant,3
KIT,3815,c.2485G>C,Imatinib,DB00619,Resistant,3
KIT,3815,c.2485G>C,Sunitinib,DB01268,Resistant,3
KIT,3815,c.1675G>A,Imatinib,DB00619,Resistant,3
KIT,3815,c.2447A>T,Imatinib,DB00619,Resistant,3
KIT,3815,c.2466T>G,Imatinib,DB00619,Resistant,3
KIT,3815,c.2362_2484,Imatinib,DB00619,Resistant,2
KIT,3815,c.2485_2580,Imatinib,DB00619,Resistant,2
KIT,3815,c.1895C>T,Imatinib,DB00619,Resistant,2
KIT,3815,c.2089C>T,Imatinib,DB00619,Resistant,3
KIT,3815,c.2009C>T,Avapritinib,DB15233,Resistant,2
KIT,3815,c.2009C>T,Dasatinib,DB01254,Resistant,3
KIT,3815,c.2009C>T,Nilotinib,DB04868,Resistant,3
KIT,3815,c.1676T>C,Imatinib,DB00619,Resistant,2
KIT,3815,c.2458G>A,Imatinib,DB00619,Resistant,2
KIT,3815,c.2446_2447delGAinsTT,Imatinib,DB00619,Resistant,3
KIT,3815,c.2446G>C,Regorafenib,DB08896,Resistant,3
KIT,3815,c.2447A>T,Quizartinib,DB12874,Resistant,3
KIT,3815,c.2447A>T,Cabozantinib,DB08875,Resistant,3
KIT,3815,c.2447A>T,Sorafenib,DB00398,Resistant,3
KIT,3815,c.2447A>T,Flumatinib,DB11904,Resistant,3
KIT,3815,c.2447A>T,Sunitinib,DB01268,Resistant,3
KIT,3815,c.2447A>T,Regorafenib,DB08896,Resistant,3
KIT,3815,c.2447A>T,Nilotinib,DB04868,Resistant,3
KIT,3815,c.2447A>T,Ponatinib,DB08901,Resistant,3
KIT,3815,c.1654_1674del21,Ponatinib,DB08901,Resistant,2
KIT,3815,c.1961T>C,Avapritinib,DB15233,Resistant,2
KIT,3815,c.1504_1509,Imatinib,DB00619,Resistant,3
KIT,3815,c.2465A>T,Imatinib,DB00619,Resistant,3
KIT,3815,c.1651_1662del12,Imatinib,DB00619,Resistant,3
KIT,3815,c.1651_1662del12,Sunitinib,DB01268,Resistant,3
KIT,3815,c.1651_1662del12,Regorafenib,DB08896,Resistant,3
KIT,3815,c.2446G>T,Imatinib,DB00619,Resistant,3
KIT,3815,c.2446G>T,Sunitinib,DB01268,Resistant,3
KIT,3815,c.2446G>T,Flumatinib,DB11904,Resistant,3
KIT,3815,c.2446G>T,Regorafenib,DB08896,Resistant,3
KIT,3815,c.1711_1737,Imatinib,DB00619,Resistant,3
KIT,3815,c.1711_1737,Flumatinib,DB11904,Resistant,3
KIT,3815,c.1711_1737,Sunitinib,DB01268,Resistant,3
KRAS,3845,c.38G>A,Cetuximab,DB00002,Resistant,2
KRAS,3845,c.34G>T,Gefitinib,DB00317,Resistant,2
KRAS,3845,c.37G>T,Gefitinib,DB00317,Resistant,2
KRAS,3845,c.35G>A,Gefitinib,DB00317,Resistant,2
KRAS,3845,c.34G>A,Gefitinib,DB00317,Resistant,2
KRAS,3845,c.34G>T,Erlotinib,DB00530,Resistant,2
KRAS,3845,c.35G>A,Erlotinib,DB00530,Resistant,2
KRAS,3845,c.35G>T,Erlotinib,DB00530,Resistant,2
KRAS,3845,c.35G>T + c.34G>A,Cetuximab,DB00002,Resistant,2
KRAS,3845,c.35G>T,Cetuximab,DB00002,Resistant,3
KRAS,3845,c.1-11_111,Cetuximab,DB00002,Resistant,1
KRAS,3845,c.35G>C,Gefitinib,DB00317,Resistant,2
KRAS,3845,c.35G>C,Erlotinib,DB00530,Resistant,2
KRAS,3845,c.34_39,Gemcitabine + Trametinib,DB00441 + DB08911,Resistant,2
KRAS,3845,c.564+2508T>G,Carboplatin,DB00958,Resistant,2
KRAS,3845,c.564+2508T>G,Paclitaxel,DB01229,Resistant,2
KRAS,3845,c.564+2508T>G,Cisplatin,DB00515,Resistant,2
KRAS,3845,c.64C>T,Panitumumab,DB01269,Resistant,2
KRAS,3845,c.1-11_111,EGFR inhibitors,.,Resistant,2
KRAS,3845,c.1-11_111,Gemcitabine + Erlotinib,DB00441 + DB00530,Resistant,2
KRAS,3845,c.35G>A,Vemurafenib,DB08881,Resistant,2
KRAS,3845,c.35G>C,Panitumumab,DB01269,Resistant,2
KRAS,3845,c.35G>C,Melphalan,DB01042,Resistant,2
KRAS,3845,c.436G>C,Cetuximab,DB00002,Resistant,2
KRAS,3845,c.38G>A,Panitumumab,DB01269,Resistant,2
KRAS,3845,c.35G>T,Panitumumab,DB01269,Resistant,2
KRAS,3845,c.35G>A,Panitumumab,DB01269,Resistant,2
KRAS,3845,c.35G>A,Melphalan,DB01042,Resistant,2
KRAS,3845,c.34G>T,Panitumumab,DB01269,Resistant,2
KRAS,3845,c.34G>T,Melphalan,DB01042,Resistant,2
KRAS,3845,c.34G>C,Panitumumab,DB01269,Resistant,2
KRAS,3845,c.35G>T,Gefitinib,DB00317,Resistant,2
KRAS,3845,c.34G>A,Panitumumab,DB01269,Resistant,2
KRAS,3845,c.34G>A,Melphalan,DB01042,Resistant,2
KRAS,3845,c.436G>A,Cetuximab,DB00002,Resistant,3
KRAS,3845,c.35G>C,Regorafenib,DB08896,Resistant,3
KRAS,3845,c.436G>A,Cetuximab + FOLFOX4,DB00002 + .,Resistant,2
KRAS,3845,c.183A>C,Cetuximab,DB00002,Resistant,2
KRAS,3845,c.35G>T,Regorafenib,DB08896,Resistant,3
KRAS,3845,c.35G>A,Regorafenib,DB08896,Resistant,3
KRAS,3845,c.35G>A,Vemurafenib,DB08881,Resistant,3
KRAS,3845,c.35G>A,Cetuximab,DB00002,Resistant,3
KRAS,3845,c.34G>T,Regorafenib,DB08896,Resistant,3
KRAS,3845,c.34G>C,Cetuximab,DB00002,Resistant,3
KRAS,3845,c.34G>C,Regorafenib,DB08896,Resistant,3
KRAS,3845,c.34G>A,Regorafenib,DB08896,Resistant,3
KRAS,3845,c.38G>T,Panitumumab,DB01269,Resistant,2
KRAS,3845,c.38G>T,Cetuximab,DB00002,Resistant,2
KRAS,3845,c.34G>A,Cetuximab,DB00002,Resistant,2
KRAS,3845,c.35G>A,Cetuximab,DB00002,Resistant,2
KRAS,3845,c.35G>C,Cetuximab,DB00002,Resistant,2
KRAS,3845,c.34G>C,Imatinib,DB00619,Resistant,2
MAP2K1,5604,c.607G>A,Vemurafenib,DB08881,Resistant,2
MAP2K1,5604,c.167A>C,Vemurafenib,DB08881,Resistant,2
MAP2K1,5604,c.169A>G,Vemurafenib,DB08881,Resistant,2
MAP2K1,5604,c.370C>T,Selumetinib,DB11689,Resistant,3
MAP2K1,5604,c.167A>C,Selumetinib,DB11689,Resistant,3
MAP2K1,5604,c.362G>C,Vemurafenib,DB08881,Resistant,2
MAP2K1,5604,c.296T>C,MEK inhibitors,.,Resistant,3
MAP2K1,5604,c.344T>C,MEK inhibitors,.,Resistant,3
MAP2K1,5604,c.383G>A,MEK inhibitors,.,Resistant,3
MAP2K1,5604,c.385T>C,MEK inhibitors,.,Resistant,3
MAP2K1,5604,c.632T>A,MEK inhibitors,.,Resistant,3
MAP2K1,5604,c.644T>C,MEK inhibitors,.,Resistant,3
MAP2K1,5604,c.308T>A,MEK inhibitors,.,Resistant,3
MAP2K1,5604,c.312A>C,MEK inhibitors,.,Resistant,3
MAP2K1,5604,c.332T>A,MEK inhibitors,.,Resistant,3
MAP2K1,5604,c.356A>C,MEK inhibitors,.,Resistant,3
MAP2K1,5604,c.360G>C,MEK inhibitors,.,Resistant,3
MAP2K1,5604,c.397T>C,MEK inhibitors,.,Resistant,3
MAP2K1,5604,c.167A>C,PLX4720,DB06999,Resistant,3
MAP2K1,5604,c.371C>T,Selumetinib,DB11689,Resistant,3
MAP2K1,5604,c.199G>A,MEK inhibitors,.,Resistant,3
MAP2K1,5604,c.371C>T,BRAF inhibitors,.,Resistant,2
MAP2K1,5604,c.371C>T,MEK inhibitors,.,Resistant,2
MAP2K1,5604,c.371C>A,Dabrafenib,DB08912,Resistant,2
MAP2K1,5604,c.370C>T,Dabrafenib,DB08912,Resistant,2
MAP2K1,5604,c.171G>C,MEK inhibitors,.,Resistant,2
MAP2K1,5604,c.361T>A,BRAF inhibitors,.,Resistant,2
MAP2K1,5604,c.361T>A,MEK inhibitors,.,Resistant,2
MAP2K1,5604,c.344T>C,Selumetinib,DB11689,Resistant,3
MAP2K1,5604,c.344T>C,CI-1040,DB12429,Resistant,3
MAP2K1,5604,c.361T>A,AZD-8330,DB06061,Resistant,3
MAP2K1,5604,c.361T>A,Regorafenib,DB08896,Resistant,3
MAP2K1,5604,c.361T>A,Cetuximab,DB00002,Resistant,3
MAP2K1,5604,c.361T>A,PD98059,.,Resistant,3
MAP2K1,5604,c.361T>A,GDC0879,.,Resistant,3
MAP2K1,5604,c.170A>C,Panitumumab,DB01269,Resistant,3
MAP2K1,5604,c.170A>C,Cetuximab,DB00002,Resistant,2
MAP2K1,5604,c.167A>C,AZD-8330,DB06061,Resistant,3
MAP2K1,5604,c.167A>C,PD98059,.,Resistant,3
MAP2K1,5604,c.167A>C,GDC0879,.,Resistant,3
MAP2K1,5604,c.167A>C,Regorafenib,DB08896,Resistant,3
MAP2K1,5604,c.343_344delCTinsGC,CI-1040,DB12429,Resistant,3
MAP2K1,5604,c.179T>A,Trametinib,DB08911,Resistant,3
MAP2K1,5604,c.179T>A,Dabrafenib,DB08912,Resistant,3
MAP2K1,5604,c.171G>C,GDC0879,.,Resistant,3
MAP2K1,5604,c.171G>C,PD98059,.,Resistant,3
MAP2K1,5604,c.171G>C,AZD-8330,DB06061,Resistant,3
MAP2K1,5604,c.171G>C,Cetuximab,DB00002,Resistant,3
MAP2K1,5604,c.171G>C,Regorafenib,DB08896,Resistant,3
MAP2K1,5604,c.171G>C,Panitumumab,DB01269,Resistant,3
MAP2K1,5604,c.332T>G,PD98059,.,Resistant,3
MAP2K1,5604,c.332T>G,Regorafenib,DB08896,Resistant,3
MAP2K1,5604,c.332T>G,AZD-8330,DB06061,Resistant,3
MAP2K1,5604,c.332T>G,GDC0879,.,Resistant,3
MAP2K1,5604,c.308T>A,CI-1040,DB12429,Resistant,3
MAP2K1,5604,c.308T>A,Selumetinib,DB11689,Resistant,3
MAP2K1,5604,c.632T>A,Cobimetinib,DB05239,Resistant,3
MAP2K1,5604,c.632T>A,Regorafenib,DB08896,Resistant,3
MAP2K1,5604,c.632T>A,Binimetinib,DB11967,Resistant,3
MAP2K1,5604,c.632T>A,AZD-8330,DB06061,Resistant,3
MAP2K1,5604,c.632T>A,Selumetinib,DB11689,Resistant,3
MAP2K1,5604,c.632T>A,PD98059,.,Resistant,3
MAP2K1,5604,c.632T>A,GDC0879,.,Resistant,3
MAP2K1,5604,c.169A>G,Dabrafenib,DB08912,Resistant,3
MAP2K1,5604,c.385T>C,Regorafenib,DB08896,Resistant,3
MAP2K1,5604,c.385T>C,PD98059,.,Resistant,3
MAP2K1,5604,c.385T>C,GDC0879,.,Resistant,3
MAP2K1,5604,c.385T>C,AZD-8330,DB06061,Resistant,3
MAP2K1,5604,c.157T>C,Cetuximab,DB00002,Resistant,3
MAP2K1,5604,c.157T>C,Regorafenib,DB08896,Resistant,3
MAP2K1,5604,c.157T>C,GDC0879,.,Resistant,3
MAP2K1,5604,c.157T>C,AZD-8330,DB06061,Resistant,3
MAP2K1,5604,c.157T>C,PD98059,.,Resistant,3
MAP2K2,5605,c.179A>C,BRAF + MEK inhibitors,.,Resistant,2
MAP2K2,5605,c.103G>A,BRAF inhibitors,.,Resistant,3
MAP2K2,5605,c.136C>T,BRAF inhibitors,.,Resistant,3
MAP2K2,5605,c.376A>G,BRAF inhibitors,.,Resistant,3
MAP2K2,5605,c.373T>A,BRAF inhibitors,.,Resistant,3
MAP2K2,5605,c.103G>A,MEK inhibitors,.,Resistant,3
MAP2K2,5605,c.136C>T,MEK inhibitors,.,Resistant,3
MAP2K2,5605,c.376A>G,MEK inhibitors,.,Resistant,3
MAP2K2,5605,c.373T>A,MEK inhibitors,.,Resistant,3
MET,4233,c.3682G>A,Crizotinib,DB08865,Resistant,2
MET,4233,c.3683A>T,Savolitinib,DB12048,Resistant,2
MET,4233,c.3689A>G,Crizotinib,DB08865,Resistant,3
MET,4233,c.3703T>G,Crizotinib,DB08865,Resistant,3
MET,4233,c.3683A>T,MET inhibitors,.,Resistant,2
MET,4233,c.1124A>G,SU11274,.,Resistant,3
MET,4233,c.3028G>T,Tivantinib,DB12200,Resistant,3
MET,4233,c.3683A>T,Capmatinib,DB11791,Resistant,3
MET,4233,c.3683A>T,Savolitinib,DB12048,Resistant,3
MET,4233,c.3683A>T,Crizotinib,DB08865,Resistant,3
MET,4233,c.3637C>G,SU11274,.,Resistant,3
MET,4233,c.3742T>C,SU11274,.,Resistant,3
MET,4233,c.3682G>A,Savolitinib,DB12048,Resistant,3
MET,4233,c.3682G>A,Crizotinib,DB08865,Resistant,3
MET,4233,c.3682G>A,Capmatinib,DB11791,Resistant,3
MET,4233,c.3008A>T,Tivantinib,DB12200,Resistant,3
MET,4233,c.3688T>C,Crizotinib,DB08865,Resistant,3
MET,4233,c.3688T>C,Savolitinib,DB12048,Resistant,3
MET,4233,c.3688T>C,Capmatinib,DB11791,Resistant,3
MET,4233,c.3689A>G,Capmatinib,DB11791,Resistant,3
MET,4233,c.3682G>A,Cabozantinib,DB08875,Resistant,2
MET,4233,c.3682G>A,Capmatinib,DB11791,Resistant,2
MET,4233,c.3688T>C,Crizotinib,DB08865,Resistant,2
MET,4233,c.3688T>C,Capmatinib,DB11791,Resistant,2
MSH6,2956,c.3656C>T,Temozolomide,DB00853,Resistant,3
MTOR,2475,c.6322T>C,Everolimus,DB01590,Resistant,2
MTOR,2475,c.6324C>A,Everolimus,DB01590,Resistant,2
MTOR,2475,c.6324C>A,Sirolimus,DB00877,Resistant,3
MTOR,2475,c.6981G>T,AZD-8055,DB12774,Resistant,3
MTOR,2475,c.6101C>T,Sirolimus,DB00877,Resistant,3
NF2,4771,c.528_529,Carboplatin,DB00958,Resistant,2
NF2,4771,c.528_529,Cisplatin,DB00515,Resistant,2
NRAS,4893,c.182A>T,Vemurafenib,DB08881,Resistant,2
NRAS,4893,c.182A>G,Vemurafenib,DB08881,Resistant,2
NRAS,4893,c.181C>A,Vemurafenib,DB08881,Resistant,3
NRAS,4893,c.35G>A,Cetuximab,DB00002,Resistant,2
NRAS,4893,c.535C>T,Cetuximab,DB00002,Resistant,2
NRAS,4893,c.35G>T,Cetuximab,DB00002,Resistant,3
NRAS,4893,c.181C>A,Gedatolisib,DB11896,Resistant,3
NRAS,4893,c.38G>A,Vemurafenib,DB08881,Resistant,3
NRAS,4893,c.182A>T,Selumetinib,DB11689,Resistant,3
NRAS,4893,c.182A>T,LY3009120,.,Resistant,3
NRAS,4893,c.182A>T,PLX4720,DB06999,Resistant,3
NT5C2,22978,c.1100G>A,Tioguanine,DB00352,Resistant,3
NT5C2,22978,c.1100G>A,Mercaptopurine,DB01033,Resistant,3
NT5C2,22978,c.1075A>C,Mercaptopurine,DB01033,Resistant,3
NT5C2,22978,c.1075A>C,Tioguanine,DB00352,Resistant,3
NT5C2,22978,c.1220A>C,Mercaptopurine,DB01033,Resistant,3
NT5C2,22978,c.1220A>C,Tioguanine,DB00352,Resistant,3
NTRK1,4914,c.1783G>A,Entrectinib,DB11986,Resistant,2
NTRK1,4914,c.1999G>T,Entrectinib,DB11986,Resistant,2
NTRK1,4914,c.1783G>A,Larotrectinib,DB14723,Resistant,3
NTRK1,4914,c.1999G>T,Larotrectinib,DB14723,Resistant,3
NTRK1,4914,c.1783G>A,Pan-TRK inhibitors,.,Resistant,3
NTRK1,4914,c.1999G>T,Pan-TRK inhibitors,.,Resistant,3
NTRK3,4916,c.1867G>A,Larotrectinib,DB14723,Resistant,3
NTRK3,4916,c.1867G>A,Entrectinib,DB11986,Resistant,3
PDGFRA,5156,c.2525A>T,Imatinib,DB00619,Resistant,2
PDGFRA,5156,c.2021C>T,Imatinib,DB00619,Resistant,2
PDGFRA,5156,c.2525A>T,Sunitinib,DB01268,Resistant,2
PDGFRA,5156,c.2525A>T,Imatinib,DB00619,Resistant,3
PDGFRA,5156,c.2525A>T,Sunitinib,DB01268,Resistant,3
PDGFRA,5156,c.2524_2529delinsATCATG,Imatinib,DB00619,Resistant,3
PDGFRA,5156,c.2525A>T,Regorafenib,DB08896,Resistant,3
PDGFRA,5156,c.2525A>T,Nilotinib,DB04868,Resistant,3
PDGFRA,5156,c.863A>G,Crenolanib,DB11832,Resistant,3
PDGFRA,5156,c.863A>G,Sunitinib,DB01268,Resistant,3
PDGFRA,5156,c.863A>G,Nilotinib,DB04868,Resistant,3
PDGFRA,5156,c.863A>G,Imatinib,DB00619,Resistant,3
PDGFRA,5156,c.2521_2526delinsAAGATC,Imatinib,DB00619,Resistant,3
PDGFRA,5156,c.1976A>G,Imatinib,DB00619,Resistant,3
PDGFRA,5156,c.2537A>T,Imatinib,DB00619,Resistant,2
PIK3CA,5290,c.2937_3204+346,Cetuximab,DB00002,Resistant,2
PIK3CA,5290,c.1624G>A,Cetuximab,DB00002,Resistant,2
PIK3CA,5290,c.1624G>A,Panitumumab,DB01269,Resistant,2
PIK3CA,5290,c.1633G>A,Cetuximab,DB00002,Resistant,2
PIK3CA,5290,c.1633G>A,Panitumumab,DB01269,Resistant,2
PIK3CA,5290,c.3140A>G,Panitumumab,DB01269,Resistant,2
PIK3CA,5290,c.1633G>A,Gefitinib,DB00317,Resistant,2
PIK3CA,5290,c.1633G>A,Trastuzumab,DB00072,Resistant,3
PIK3CA,5290,c.1633G>A,Erlotinib,DB00530,Resistant,2
PIK3CA,5290,c.1633G>A,Afatinib,DB08916,Resistant,2
PIK3CA,5290,c.3140A>G,Trastuzumab,DB00072,Resistant,3
PIK3CA,5290,c.1633G>A,Vemurafenib,DB08881,Resistant,3
PIK3CA,5290,c.1634A>G,Vemurafenib,DB08881,Resistant,3
PIK3CA,5290,c.1049A>G,Vemurafenib,DB08881,Resistant,3
PIK3CA,5290,c.1357G>A,Buparlisib,DB11666,Resistant,3
PIK3CA,5290,c.2864T>G,Cetuximab + Fluorouracil,DB00002 + DB00544,Resistant,2
PIK3CA,5290,c.2863G>A,Cetuximab + Fluorouracil,DB00002 + DB00544,Resistant,2
PIK3CA,5290,c.2832A>C,Cetuximab + Fluorouracil,DB00002 + DB00544,Resistant,2
PIK3CA,5290,c.1624G>A,Cetuximab + Fluorouracil,DB00002 + DB00544,Resistant,3
PIK3CA,5290,c.1624G>A,Buparlisib,DB11666,Resistant,3
PIK3CA,5290,c.3145G>C,Buparlisib,DB11666,Resistant,3
PIK3CA,5290,c.2789T>C,Cetuximab + Fluorouracil,DB00002 + DB00544,Resistant,2
PIK3CA,5290,c.3139_3141,Bevacizumab + Temsirolimus,DB00112 + DB06287,Resistant,2
PIK3CA,5290,c.3139_3141,Bortezomib + Temsirolimus + Topotecan,DB00188 + DB06287 + DB01030,Resistant,2
PIK3CA,5290,c.1034A>T,Buparlisib,DB11666,Resistant,3
PIK3CA,5290,c.2896A>G,Cetuximab + Fluorouracil,DB00002 + DB00544,Resistant,2
PIK3CA,5290,c.3140A>G,Cetuximab,DB00002,Resistant,3
PIK3CA,5290,c.3140A>G,Cetuximab + Fluorouracil,DB00002 + DB00544,Resistant,3
PIK3CA,5290,c.1645G>T,Pictilisib,DB11663,Resistant,3
PIK3CA,5290,c.2855T>C,Cetuximab + Fluorouracil,DB00002 + DB00544,Resistant,2
PIK3CA,5290,c.115G>A,Buparlisib,DB11666,Resistant,3
PIK3CA,5290,c.1633G>A,A66,.,Resistant,3
PIK3CA,5290,c.1633G>A,Cetuximab + Fluorouracil,DB00002 + DB00544,Resistant,3
PIK3CA,5290,c.1633G>A,Buparlisib,DB11666,Resistant,3
PIK3CB,5291,c.3199G>T,PI3K pathway inhibitors,.,Resistant,2
PIK3R2,5296,c.1681A>G,Vemurafenib,DB08881,Resistant,3
PLCG2,5336,c.1993C>T,Ibrutinib,DB09053,Resistant,2
PLCG2,5336,c.2535A>T,Ibrutinib,DB09053,Resistant,2
PML,5371,c.647C>T,Tretinoin,DB00755,Resistant,2
PML,5371,c.653T>C,Tretinoin,DB00755,Resistant,2
PREX2,80243,c.515G>T,Vemurafenib,DB08881,Resistant,2
PTEN,5728,c.143A>T,Pictilisib,DB11663,Resistant,3
PTEN,5728,c.385G>A,Tirbanibulin,DB06137,Resistant,3
PTEN,5728,c.407G>A,Alpelisib,DB12015,Resistant,3
PTPN11,5781,c.181G>T,SHP099,.,Resistant,3
PTPN11,5781,c.215C>T,SHP099,.,Resistant,3
PTPN11,5781,c.226G>A,SHP099,.,Resistant,3
RAC1,5879,c.85C>T,Dabrafenib,DB08912,Resistant,3
RAC1,5879,c.85C>T,Vemurafenib,DB08881,Resistant,3
RAC1,5879,c.85C>T,BRAF inhibitors,.,Resistant,2
RAF1,5894,c.769T>C,BRAF inhibitors,.,Resistant,3
RAF1,5894,c.783T>G,BRAF inhibitors,.,Resistant,3
RAF1,5894,c.1082G>C,BRAF inhibitors,.,Resistant,3
RB1,5925,c.2083_2084insC,Palbociclib,DB09073,Resistant,3
RB1,5925,c.1447C>T,Letrozole + Ribociclib,DB01006 + DB11730,Resistant,2
RET,5979,c.2363T>A,Ponatinib,DB08901,Resistant,3
RET,5979,c.1902C>G,Motesanib,DB05575,Resistant,3
RET,5979,c.2753T>C,Motesanib,DB05575,Resistant,3
RET,5979,c.2410G>C,Vandetanib,DB05294,Resistant,3
RET,5979,c.2410G>A,Vandetanib,DB05294,Resistant,3
ROS1,6098,c.5957C>A,Ceritinib,DB09063,Resistant,2
ROS1,6098,c.5957C>T,Ceritinib,DB09063,Resistant,2
ROS1,6098,c.6094G>A,Crizotinib,DB08865,Resistant,2
ROS1,6098,c.5957C>A,Crizotinib,DB08865,Resistant,2
ROS1,6098,c.5957C>T,Crizotinib,DB08865,Resistant,2
ROS1,6098,c.6094G>A,Brigatinib,DB12267,Resistant,3
ROS1,6098,c.6094G>A,Ceritinib,DB09063,Resistant,3
ROS1,6098,c.6094G>A,AZD3463,.,Resistant,3
ROS1,6098,c.6076C>A,Crizotinib,DB08865,Resistant,3
ROS1,6098,c.6464T>C,Crizotinib,DB08865,Resistant,3
ROS1,6098,c.6464T>C,Foretinib,DB12307,Resistant,3
ROS1,6098,c.6464T>C,TAE684,.,Resistant,3
ROS1,6098,c.6302G>C,Crizotinib,DB08865,Resistant,3
SMO,6608,c.1417G>C,Vismodegib,DB08828,Resistant,2
SMO,6608,c.1418A>G,Vismodegib,DB08828,Resistant,2
SMO,6608,c.1604G>T,Vismodegib,DB08828,Resistant,2
SMO,6608,c.1234C>T,Vismodegib,DB08828,Resistant,2
SMO,6608,c.843G>T,Vismodegib,DB08828,Resistant,2
SMO,6608,c.1429C>G,Vismodegib,DB08828,Resistant,2
SMO,6608,c.1489G>T,Vismodegib,DB08828,Resistant,2
SMO,6608,c.1417G>T,Vismodegib,DB08828,Resistant,2
SMO,6608,c.1376C>T,Taladegib,DB12550,Resistant,3
SMO,6608,c.1376C>T,Sonidegib,DB09143,Resistant,3
SMO,6608,c.1376C>T,Vismodegib,DB08828,Resistant,3
SMO,6608,c.973_975delCTGinsTTT,MRT-92,.,Resistant,3
SMO,6608,c.1378T>C,Vismodegib,DB08828,Resistant,3
SMO,6608,c.1234C>T,Vismodegib,DB08828,Resistant,3
SMO,6608,c.722C>T,Sonidegib,DB09143,Resistant,3
SMO,6608,c.722C>T,Vismodegib,DB08828,Resistant,3
SMO,6608,c.722C>T,Taladegib,DB12550,Resistant,3
SMO,6608,c.1222A>G,Sonidegib,DB09143,Resistant,3
SMO,6608,c.1222A>G,Taladegib,DB12550,Resistant,3
SMO,6608,c.1222A>G,Vismodegib,DB08828,Resistant,3
SMO,6608,c.692A>G,Vismodegib,DB08828,Resistant,3
SMO,6608,c.1417G>C,Sonidegib,DB09143,Resistant,2
SMO,6608,c.1151A>C,MRT-92,.,Resistant,3
SMO,6608,c.961G>A,Vismodegib,DB08828,Resistant,3
SMO,6608,c.961G>A,Sonidegib,DB09143,Resistant,3
SMO,6608,c.961G>A,Taladegib,DB12550,Resistant,3
SMO,6608,c.961G>A,Vismodegib,DB08828,Resistant,2
SMO,6608,c.1180_1181delTAinsGC,MRT-92,.,Resistant,3
SMO,6608,c.985_987delGTGinsTTT,MRT-92,.,Resistant,3
SMO,6608,c.1160G>A,Sonidegib,DB09143,Resistant,3
SMO,6608,c.1160G>A,Vismodegib,DB08828,Resistant,3
SMO,6608,c.842G>T,Vismodegib,DB08828,Resistant,2
SMO,6608,c.1573_1574delATinsGG,MRT-92,.,Resistant,3
SMO,6608,c.1598G>A,Sonidegib,DB09143,Resistant,2
SMO,6608,c.1396_1397delACinsTT,MRT-92,.,Resistant,3
SMO,6608,c.843G>T,Sonidegib,DB09143,Resistant,3
SMO,6608,c.843G>T,Taladegib,DB12550,Resistant,3
SMO,6608,c.1406G>A,Vismodegib,DB08828,Resistant,3
SMO,6608,c.1406G>A,Sonidegib,DB09143,Resistant,3
SMO,6608,c.1406G>A,Taladegib,DB12550,Resistant,3
SMO,6608,c.1552G>A,Vismodegib,DB08828,Resistant,3
SMO,6608,c.1552G>A,Sonidegib,DB09143,Resistant,3
SMO,6608,c.1552G>A,MRT-92,.,Resistant,3
SMO,6608,c.1604G>T,Vismodegib,DB08828,Resistant,3
SMO,6608,c.1604G>T,Posaconazole,DB01263,Resistant,3
SMO,6608,c.655A>G,Sonidegib,DB09143,Resistant,3
SMO,6608,c.655A>G,Vismodegib,DB08828,Resistant,3
SMO,6608,c.1418A>G,Sonidegib,DB09143,Resistant,2
SMO,6608,c.1418A>G,Vismodegib,DB08828,Resistant,3
SMO,6608,c.1150G>A,Sonidegib,DB09143,Resistant,3
SMO,6608,c.1150G>A,Vismodegib,DB08828,Resistant,3
TP53,7157,c.139C>T,Cisplatin,DB00515,Resistant,3
TP53,7157,c.818G>T,Cisplatin,DB00515,Resistant,2
TP53,7157,c.818G>T,Carboplatin,DB00958,Resistant,2
TP53,7157,c.701A>G,Cisplatin,DB00515,Resistant,2
TP53,7157,c.701A>G,Carboplatin,DB00958,Resistant,2
TP53,7157,c.743G>A,AMGMDS3,.,Resistant,3
TP53,7157,c.742C>T,AMGMDS3,.,Resistant,3
TP53,7157,c.524G>A,AMGMDS3,.,Resistant,3
TP53,7157,c.817C>T,AMGMDS3,.,Resistant,3
TP53,7157,c.818G>A,AMGMDS3,.,Resistant,3
TP53,7157,c.733G>A,AMGMDS3,.,Resistant,3
TP53,7157,c.659A>G,AMGMDS3,.,Resistant,3
TP53,7157,c.711G>T,AMGMDS3,.,Resistant,3
TP53,7157,c.473G>A,AMGMDS3,.,Resistant,3
TP53,7157,c.469G>T,AMGMDS3,.,Resistant,3
TP53,7157,c.747G>C,AMGMDS3,.,Resistant,3
TP53,7157,c.839G>A,AMGMDS3,.,Resistant,3
TP53,7157,c.839G>C,AMGMDS3,.,Resistant,3
TP53,7157,c.473G>T,AMGMDS3,.,Resistant,3
TP53,7157,c.772G>C,Nutlin-3,.,Resistant,3
TP53,7157,c.529C>A,Nutlin-3,.,Resistant,3
TP53,7157,c.743G>A,ALRN-6924,.,Resistant,3
TP53,7157,c.524G>A,DS-7423,.,Resistant,3
TP53,7157,c.524G>A,Seliciclib,DB06195,Resistant,3
TP53,7157,c.476C>T,Seliciclib,DB06195,Resistant,3
TP53,7157,c.643A>G,Seliciclib,DB06195,Resistant,3
TP53,7157,c.701A>G,Seliciclib,DB06195,Resistant,3
TP53,7157,c.659A>G,Seliciclib,DB06195,Resistant,3
TP53,7157,c.817_819delCGTinsTGG,NSC319726,.,Resistant,3
TP53,7157,c.292C>G,Seliciclib,DB06195,Resistant,3
TP53,7157,c.722C>T,DS-7423,.,Resistant,3
TP53,7157,c.695T>G,Nutlin-3,.,Resistant,3
TP53,7157,c.839_840delGAinsTG,Nutlin-3,.,Resistant,3
WT1,7490,c.1099_1249,Daunorubicin + Cytarabine,DB00694 + DB00987,Resistant,2
