TARGET	DRUG	MUTATION	CELL_LINE_WT	CELL_LINE_MT	LN_IC50_WT	LN_IC50_MT	DDG
ALK	TAE-684	p.A96T	L428+HCT116+RVH421+DKMG+MG63+LC1SQSF+SUIT2+EN+NCIH23+HEC59+SW48+639V+DOHH2+HT+HS852T+SUPM2+SNGM+CHL1+MEWO+HMCB+GCT+MHHES1	C2BBE1	3.608218207	1.563514233	-1.21145593
ALK	TAE-684	p.R317T	L428+HCT116+RVH421+DKMG+MG63+LC1SQSF+SUIT2+EN+NCIH23+HEC59+SW48+639V+DOHH2+HT+HS852T+SUPM2+SNGM+CHL1+MEWO+HMCB+GCT+MHHES1	CORL23	3.608218207	7.618295199	2.375909478
ALK	TAE-684	p.G882C	L428+HCT116+RVH421+DKMG+MG63+LC1SQSF+SUIT2+EN+NCIH23+HEC59+SW48+639V+DOHH2+HT+HS852T+SUPM2+SNGM+CHL1+MEWO+HMCB+GCT+MHHES1	EFO27	3.608218207	8	2.602063752
ALK	TAE-684	p.G689R	L428+HCT116+RVH421+DKMG+MG63+LC1SQSF+SUIT2+EN+NCIH23+HEC59+SW48+639V+DOHH2+HT+HS852T+SUPM2+SNGM+CHL1+MEWO+HMCB+GCT+MHHES1	G361	3.608218207	4.944403646	0.7916695
ALK	TAE-684	p.R753Q	L428+HCT116+RVH421+DKMG+MG63+LC1SQSF+SUIT2+EN+NCIH23+HEC59+SW48+639V+DOHH2+HT+HS852T+SUPM2+SNGM+CHL1+MEWO+HMCB+GCT+MHHES1	HCC78	3.608218207	8	2.602063752
ALK	TAE-684	p.T533A	L428+HCT116+RVH421+DKMG+MG63+LC1SQSF+SUIT2+EN+NCIH23+HEC59+SW48+639V+DOHH2+HT+HS852T+SUPM2+SNGM+CHL1+MEWO+HMCB+GCT+MHHES1	HCT15	3.608218207	5.418049332	1.072297348
ALK	TAE-684	p.S874F	L428+HCT116+RVH421+DKMG+MG63+LC1SQSF+SUIT2+EN+NCIH23+HEC59+SW48+639V+DOHH2+HT+HS852T+SUPM2+SNGM+CHL1+MEWO+HMCB+GCT+MHHES1	HEC251	3.608218207	3.61582947	0.004509557
ALK	TAE-684	p.R1192W+p.G5R	L428+HCT116+RVH421+DKMG+MG63+LC1SQSF+SUIT2+EN+NCIH23+HEC59+SW48+639V+DOHH2+HT+HS852T+SUPM2+SNGM+CHL1+MEWO+HMCB+GCT+MHHES1	HEC59	3.608218207	2.747899291	-0.509725841
ALK	TAE-684	p.K575N	L428+HCT116+RVH421+DKMG+MG63+LC1SQSF+SUIT2+EN+NCIH23+HEC59+SW48+639V+DOHH2+HT+HS852T+SUPM2+SNGM+CHL1+MEWO+HMCB+GCT+MHHES1	K029AX	3.608218207	5.298291689	1.00134277
ALK	TAE-684	p.G893R	L428+HCT116+RVH421+DKMG+MG63+LC1SQSF+SUIT2+EN+NCIH23+HEC59+SW48+639V+DOHH2+HT+HS852T+SUPM2+SNGM+CHL1+MEWO+HMCB+GCT+MHHES1	KARPAS422	3.608218207	2.468577624	-0.67521967
ALK	TAE-684	p.E949K	L428+HCT116+RVH421+DKMG+MG63+LC1SQSF+SUIT2+EN+NCIH23+HEC59+SW48+639V+DOHH2+HT+HS852T+SUPM2+SNGM+CHL1+MEWO+HMCB+GCT+MHHES1	KLE	3.608218207	8	2.602063752
ALK	TAE-684	p.G452R+p.P158T	L428+HCT116+RVH421+DKMG+MG63+LC1SQSF+SUIT2+EN+NCIH23+HEC59+SW48+639V+DOHH2+HT+HS852T+SUPM2+SNGM+CHL1+MEWO+HMCB+GCT+MHHES1	KMRC2	3.608218207	2.807507751	-0.474408737
ALK	TAE-684	p.E1435del	L428+HCT116+RVH421+DKMG+MG63+LC1SQSF+SUIT2+EN+NCIH23+HEC59+SW48+639V+DOHH2+HT+HS852T+SUPM2+SNGM+CHL1+MEWO+HMCB+GCT+MHHES1	L33	3.608218207	8	2.602063752
ALK	TAE-684	p.V1476M	L428+HCT116+RVH421+DKMG+MG63+LC1SQSF+SUIT2+EN+NCIH23+HEC59+SW48+639V+DOHH2+HT+HS852T+SUPM2+SNGM+CHL1+MEWO+HMCB+GCT+MHHES1	LS513	3.608218207	0.156419605	-2.045138043
ALK	TAE-684	p.P236R	L428+HCT116+RVH421+DKMG+MG63+LC1SQSF+SUIT2+EN+NCIH23+HEC59+SW48+639V+DOHH2+HT+HS852T+SUPM2+SNGM+CHL1+MEWO+HMCB+GCT+MHHES1	MDAMB415	3.608218207	8	2.602063752
ALK	TAE-684	p.V1185M	L428+HCT116+RVH421+DKMG+MG63+LC1SQSF+SUIT2+EN+NCIH23+HEC59+SW48+639V+DOHH2+HT+HS852T+SUPM2+SNGM+CHL1+MEWO+HMCB+GCT+MHHES1	MOLT16	3.608218207	0.773999958	-1.6792311
ALK	TAE-684	p.N1353S	L428+HCT116+RVH421+DKMG+MG63+LC1SQSF+SUIT2+EN+NCIH23+HEC59+SW48+639V+DOHH2+HT+HS852T+SUPM2+SNGM+CHL1+MEWO+HMCB+GCT+MHHES1	NCIH1355	3.608218207	1.050579667	-1.51536184
ALK	TAE-684	p.E1435del	L428+HCT116+RVH421+DKMG+MG63+LC1SQSF+SUIT2+EN+NCIH23+HEC59+SW48+639V+DOHH2+HT+HS852T+SUPM2+SNGM+CHL1+MEWO+HMCB+GCT+MHHES1	NCIH1373	3.608218207	8	2.602063752
ALK	TAE-684	p.G452R+p.L143R	L428+HCT116+RVH421+DKMG+MG63+LC1SQSF+SUIT2+EN+NCIH23+HEC59+SW48+639V+DOHH2+HT+HS852T+SUPM2+SNGM+CHL1+MEWO+HMCB+GCT+MHHES1	NCIH1651	3.608218207	8	2.602063752
ALK	TAE-684	p.N369K	L428+HCT116+RVH421+DKMG+MG63+LC1SQSF+SUIT2+EN+NCIH23+HEC59+SW48+639V+DOHH2+HT+HS852T+SUPM2+SNGM+CHL1+MEWO+HMCB+GCT+MHHES1	NCIH1693	3.608218207	5.852221496	1.329537735
ALK	TAE-684	p.Q450H	L428+HCT116+RVH421+DKMG+MG63+LC1SQSF+SUIT2+EN+NCIH23+HEC59+SW48+639V+DOHH2+HT+HS852T+SUPM2+SNGM+CHL1+MEWO+HMCB+GCT+MHHES1	NCIH1793	3.608218207	5.928136349	1.374516128
ALK	TAE-684	p.S553A	L428+HCT116+RVH421+DKMG+MG63+LC1SQSF+SUIT2+EN+NCIH23+HEC59+SW48+639V+DOHH2+HT+HS852T+SUPM2+SNGM+CHL1+MEWO+HMCB+GCT+MHHES1	NCIH2087	3.608218207	6.562920569	1.7506161
ALK	TAE-684	p.S289Y+p.Y262H	L428+HCT116+RVH421+DKMG+MG63+LC1SQSF+SUIT2+EN+NCIH23+HEC59+SW48+639V+DOHH2+HT+HS852T+SUPM2+SNGM+CHL1+MEWO+HMCB+GCT+MHHES1	NCIH322	3.608218207	5.500570774	1.121190044
ALK	TAE-684	p.V132L	L428+HCT116+RVH421+DKMG+MG63+LC1SQSF+SUIT2+EN+NCIH23+HEC59+SW48+639V+DOHH2+HT+HS852T+SUPM2+SNGM+CHL1+MEWO+HMCB+GCT+MHHES1	NCIH650	3.608218207	8	2.602063752
ALK	TAE-684	p.G129V	L428+HCT116+RVH421+DKMG+MG63+LC1SQSF+SUIT2+EN+NCIH23+HEC59+SW48+639V+DOHH2+HT+HS852T+SUPM2+SNGM+CHL1+MEWO+HMCB+GCT+MHHES1	OVTOKO	3.608218207	7.678687103	2.41169076
ALK	TAE-684	p.C928Y	L428+HCT116+RVH421+DKMG+MG63+LC1SQSF+SUIT2+EN+NCIH23+HEC59+SW48+639V+DOHH2+HT+HS852T+SUPM2+SNGM+CHL1+MEWO+HMCB+GCT+MHHES1	REH	3.608218207	3.686215636	0.046212288
ALK	TAE-684	p.N941S	L428+HCT116+RVH421+DKMG+MG63+LC1SQSF+SUIT2+EN+NCIH23+HEC59+SW48+639V+DOHH2+HT+HS852T+SUPM2+SNGM+CHL1+MEWO+HMCB+GCT+MHHES1	SBC5	3.608218207	1.863162995	-1.033918607
ALK	TAE-684	p.S235P	L428+HCT116+RVH421+DKMG+MG63+LC1SQSF+SUIT2+EN+NCIH23+HEC59+SW48+639V+DOHH2+HT+HS852T+SUPM2+SNGM+CHL1+MEWO+HMCB+GCT+MHHES1	SF126	3.608218207	3.022811648	-0.346844461
ALK	TAE-684	p.T1312I	L428+HCT116+RVH421+DKMG+MG63+LC1SQSF+SUIT2+EN+NCIH23+HEC59+SW48+639V+DOHH2+HT+HS852T+SUPM2+SNGM+CHL1+MEWO+HMCB+GCT+MHHES1	SIGM5	3.608218207	0.119100617	-2.067248975
ALK	TAE-684	p.V526F	L428+HCT116+RVH421+DKMG+MG63+LC1SQSF+SUIT2+EN+NCIH23+HEC59+SW48+639V+DOHH2+HT+HS852T+SUPM2+SNGM+CHL1+MEWO+HMCB+GCT+MHHES1	SIMA	3.608218207	0.837575077	-1.641563811
ALK	TAE-684	p.P379S	L428+HCT116+RVH421+DKMG+MG63+LC1SQSF+SUIT2+EN+NCIH23+HEC59+SW48+639V+DOHH2+HT+HS852T+SUPM2+SNGM+CHL1+MEWO+HMCB+GCT+MHHES1	SKMEL2	3.608218207	8	2.602063752
ALK	TAE-684	p.P279L	L428+HCT116+RVH421+DKMG+MG63+LC1SQSF+SUIT2+EN+NCIH23+HEC59+SW48+639V+DOHH2+HT+HS852T+SUPM2+SNGM+CHL1+MEWO+HMCB+GCT+MHHES1	SKMEL30	3.608218207	8	2.602063752
ALK	TAE-684	p.F1174L	L428+HCT116+RVH421+DKMG+MG63+LC1SQSF+SUIT2+EN+NCIH23+HEC59+SW48+639V+DOHH2+HT+HS852T+SUPM2+SNGM+CHL1+MEWO+HMCB+GCT+MHHES1	SKNSH	3.608218207	0.383350194	-1.910685129
ALK	TAE-684	p.H281Q	L428+HCT116+RVH421+DKMG+MG63+LC1SQSF+SUIT2+EN+NCIH23+HEC59+SW48+639V+DOHH2+HT+HS852T+SUPM2+SNGM+CHL1+MEWO+HMCB+GCT+MHHES1	SNU449	3.608218207	8	2.602063752
ALK	TAE-684	p.R48C	L428+HCT116+RVH421+DKMG+MG63+LC1SQSF+SUIT2+EN+NCIH23+HEC59+SW48+639V+DOHH2+HT+HS852T+SUPM2+SNGM+CHL1+MEWO+HMCB+GCT+MHHES1	SNUC2A	3.608218207	3.78526092	0.104895108
ALK	TAE-684	p.P1543S	L428+HCT116+RVH421+DKMG+MG63+LC1SQSF+SUIT2+EN+NCIH23+HEC59+SW48+639V+DOHH2+HT+HS852T+SUPM2+SNGM+CHL1+MEWO+HMCB+GCT+MHHES1	SW48	3.608218207	0.33778125	-1.937684034
ALK	TAE-684	p.G103R	L428+HCT116+RVH421+DKMG+MG63+LC1SQSF+SUIT2+EN+NCIH23+HEC59+SW48+639V+DOHH2+HT+HS852T+SUPM2+SNGM+CHL1+MEWO+HMCB+GCT+MHHES1	SW900	3.608218207	8	2.602063752
ALK	TAE-684	p.R918I	L428+HCT116+RVH421+DKMG+MG63+LC1SQSF+SUIT2+EN+NCIH23+HEC59+SW48+639V+DOHH2+HT+HS852T+SUPM2+SNGM+CHL1+MEWO+HMCB+GCT+MHHES1	TOLEDO	3.608218207	8	2.602063752
ALK	TAE-684	p.T1090I	L428+HCT116+RVH421+DKMG+MG63+LC1SQSF+SUIT2+EN+NCIH23+HEC59+SW48+639V+DOHH2+HT+HS852T+SUPM2+SNGM+CHL1+MEWO+HMCB+GCT+MHHES1	WM88	3.608218207	8	2.602063752
APP	L-685458	p.R102P	SNGM+SUPT1+SHP77+HEC59+IGROV1+DU145	A2058	7.162323753	8	0.496310405
APP	L-685458	p.A213G	SNGM+SUPT1+SHP77+HEC59+IGROV1+DU145	C3A	7.162323753	8	0.496310405
APP	L-685458	p.T274A	SNGM+SUPT1+SHP77+HEC59+IGROV1+DU145	CCK81	7.162323753	8	0.496310405
APP	L-685458	p.E462K	SNGM+SUPT1+SHP77+HEC59+IGROV1+DU145	COLO320	7.162323753	8	0.496310405
APP	L-685458	p.R288Q	SNGM+SUPT1+SHP77+HEC59+IGROV1+DU145	CORL105	7.162323753	8	0.496310405
APP	L-685458	p.M406V	SNGM+SUPT1+SHP77+HEC59+IGROV1+DU145	EN	7.162323753	8	0.496310405
APP	L-685458	p.A369V+p.V185M	SNGM+SUPT1+SHP77+HEC59+IGROV1+DU145	HCT15	7.162323753	8	0.496310405
APP	L-685458	p.F179S	SNGM+SUPT1+SHP77+HEC59+IGROV1+DU145	HGC27	7.162323753	6.536458964	-0.370815345
APP	L-685458	p.E556G	SNGM+SUPT1+SHP77+HEC59+IGROV1+DU145	HT	7.162323753	0.232341436	-4.105908864
APP	L-685458	p.K510N	SNGM+SUPT1+SHP77+HEC59+IGROV1+DU145	JHH4	7.162323753	8	0.496310405
APP	L-685458	p.R540H	SNGM+SUPT1+SHP77+HEC59+IGROV1+DU145	KYSE150	7.162323753	8	0.496310405
APP	L-685458	p.D252N	SNGM+SUPT1+SHP77+HEC59+IGROV1+DU145	NCIH2023	7.162323753	8	0.496310405
APP	L-685458	p.D177N	SNGM+SUPT1+SHP77+HEC59+IGROV1+DU145	NCIH2286	7.162323753	7.965235231	0.475712809
APP	L-685458	p.R100Q	SNGM+SUPT1+SHP77+HEC59+IGROV1+DU145	NUGC3	7.162323753	4.558412943	-1.542777454
APP	L-685458	p.N550K	SNGM+SUPT1+SHP77+HEC59+IGROV1+DU145	RKO	7.162323753	8	0.496310405
APP	L-685458	p.Y538H	SNGM+SUPT1+SHP77+HEC59+IGROV1+DU145	SUPM2	7.162323753	8	0.496310405
APP	L-685458	p.K510N	SNGM+SUPT1+SHP77+HEC59+IGROV1+DU145	TE9	7.162323753	8	0.496310405
BIRC2	LBW242	p.T591A	MORCPR+HEC59	EN	8	8	0
BRAF	PLX-4720	p.L597R	MEWO+HEC6+DU145+HCT116+NCIH661+EN+OC314+OC316	22RV1	8	8	0
BRAF	PLX-4720	p.V600E	MEWO+HEC6+DU145+HCT116+NCIH661+EN+OC314+OC316	8305C	8	5.313370705	-1.591786895
BRAF	PLX-4720	p.V600E	MEWO+HEC6+DU145+HCT116+NCIH661+EN+OC314+OC316	8505C	8	8	0
BRAF	PLX-4720	p.V600E	MEWO+HEC6+DU145+HCT116+NCIH661+EN+OC314+OC316	A2058	8	8	0
BRAF	PLX-4720	p.V226M	MEWO+HEC6+DU145+HCT116+NCIH661+EN+OC314+OC316	A2780	8	8	0
BRAF	PLX-4720	p.V600E	MEWO+HEC6+DU145+HCT116+NCIH661+EN+OC314+OC316	A375	8	0.258287698	-4.586846504
BRAF	PLX-4720	p.V600E	MEWO+HEC6+DU145+HCT116+NCIH661+EN+OC314+OC316	A673	8	8	0
BRAF	PLX-4720	p.V600E	MEWO+HEC6+DU145+HCT116+NCIH661+EN+OC314+OC316	BCPAP	8	8	0
BRAF	PLX-4720	p.V600E	MEWO+HEC6+DU145+HCT116+NCIH661+EN+OC314+OC316	C32	8	2.206977604	-3.432277446
BRAF	PLX-4720	p.S273N	MEWO+HEC6+DU145+HCT116+NCIH661+EN+OC314+OC316	CCK81	8	8	0
BRAF	PLX-4720	p.L485W	MEWO+HEC6+DU145+HCT116+NCIH661+EN+OC314+OC316	CI1	8	8	0
BRAF	PLX-4720	p.V600E	MEWO+HEC6+DU145+HCT116+NCIH661+EN+OC314+OC316	COLO201	8	0.625659168	-4.369184509
BRAF	PLX-4720	p.V600E	MEWO+HEC6+DU145+HCT116+NCIH661+EN+OC314+OC316	COLO205	8	0.394231439	-4.50630191
BRAF	PLX-4720	p.V600E	MEWO+HEC6+DU145+HCT116+NCIH661+EN+OC314+OC316	COLO679	8	0.554165304	-4.411543534
BRAF	PLX-4720	p.V600E	MEWO+HEC6+DU145+HCT116+NCIH661+EN+OC314+OC316	DBTRG05MG	8	2.652912854	-3.168067609
BRAF	PLX-4720	p.I326V	MEWO+HEC6+DU145+HCT116+NCIH661+EN+OC314+OC316	EN	8	8	0
BRAF	PLX-4720	p.V600E	MEWO+HEC6+DU145+HCT116+NCIH661+EN+OC314+OC316	ES2	8	8	0
BRAF	PLX-4720	p.V600E	MEWO+HEC6+DU145+HCT116+NCIH661+EN+OC314+OC316	G361	8	1.286707997	-3.977523157
BRAF	PLX-4720	p.V600E	MEWO+HEC6+DU145+HCT116+NCIH661+EN+OC314+OC316	GCT	8	5.271176811	-1.616786134
BRAF	PLX-4720	p.R682Q	MEWO+HEC6+DU145+HCT116+NCIH661+EN+OC314+OC316	HEC1A	8	8	0
BRAF	PLX-4720	p.R682Q	MEWO+HEC6+DU145+HCT116+NCIH661+EN+OC314+OC316	HEC1B	8	8	0
BRAF	PLX-4720	p.V600E	MEWO+HEC6+DU145+HCT116+NCIH661+EN+OC314+OC316	HS294T	8	8	0
BRAF	PLX-4720	p.V600E	MEWO+HEC6+DU145+HCT116+NCIH661+EN+OC314+OC316	HS695T	8	7.26456117	-0.435736294
BRAF	PLX-4720	p.V600E	MEWO+HEC6+DU145+HCT116+NCIH661+EN+OC314+OC316	HS939T	8	2.102822305	-3.493987872
BRAF	PLX-4720	p.V600E	MEWO+HEC6+DU145+HCT116+NCIH661+EN+OC314+OC316	HT144	8	1.336324811	-3.948125951
BRAF	PLX-4720	p.V600E+p.T119S	MEWO+HEC6+DU145+HCT116+NCIH661+EN+OC314+OC316	HT29	8	1.678125026	-3.745614535
BRAF	PLX-4720	p.V600E	MEWO+HEC6+DU145+HCT116+NCIH661+EN+OC314+OC316	IGR37	8	0.904429674	-4.204017234
BRAF	PLX-4720	p.V600E	MEWO+HEC6+DU145+HCT116+NCIH661+EN+OC314+OC316	IGR39	8	8	0
BRAF	PLX-4720	p.A728V	MEWO+HEC6+DU145+HCT116+NCIH661+EN+OC314+OC316	JURKAT	8	3.758895637	-2.512789673
BRAF	PLX-4720	p.K601N	MEWO+HEC6+DU145+HCT116+NCIH661+EN+OC314+OC316	JVM3	8	3.727098702	-2.531628872
BRAF	PLX-4720	p.V600E	MEWO+HEC6+DU145+HCT116+NCIH661+EN+OC314+OC316	K029AX	8	2.110589266	-3.489386066
BRAF	PLX-4720	p.D22N	MEWO+HEC6+DU145+HCT116+NCIH661+EN+OC314+OC316	KCL22	8	8	0
BRAF	PLX-4720	p.M650I	MEWO+HEC6+DU145+HCT116+NCIH661+EN+OC314+OC316	KMBC2	8	8	0
BRAF	PLX-4720	p.D22N	MEWO+HEC6+DU145+HCT116+NCIH661+EN+OC314+OC316	KMS26	8	8	0
BRAF	PLX-4720	p.V600E+p.I208V	MEWO+HEC6+DU145+HCT116+NCIH661+EN+OC314+OC316	LOXIMVI	8	8	0
BRAF	PLX-4720	p.V600E	MEWO+HEC6+DU145+HCT116+NCIH661+EN+OC314+OC316	LS411N	8	0.925284623	-4.191660995
BRAF	PLX-4720	p.V600E	MEWO+HEC6+DU145+HCT116+NCIH661+EN+OC314+OC316	MALME3M	8	0.285528094	-4.570706985
BRAF	PLX-4720	p.P74A	MEWO+HEC6+DU145+HCT116+NCIH661+EN+OC314+OC316	MDAMB415	8	8	0
BRAF	PLX-4720	p.V600E	MEWO+HEC6+DU145+HCT116+NCIH661+EN+OC314+OC316	MDAMB435S	8	2.312842845	-3.369553904
BRAF	PLX-4720	p.GAGA30del	MEWO+HEC6+DU145+HCT116+NCIH661+EN+OC314+OC316	MDAMB436	8	8	0
BRAF	PLX-4720	p.V600E	MEWO+HEC6+DU145+HCT116+NCIH661+EN+OC314+OC316	MELHO	8	0.312976211	-4.554444393
BRAF	PLX-4720	p.E375D	MEWO+HEC6+DU145+HCT116+NCIH661+EN+OC314+OC316	NCIH1651	8	8	0
BRAF	PLX-4720	p.G466V	MEWO+HEC6+DU145+HCT116+NCIH661+EN+OC314+OC316	NCIH1666	8	8	0
BRAF	PLX-4720	p.L597V	MEWO+HEC6+DU145+HCT116+NCIH661+EN+OC314+OC316	NCIH2087	8	5.21135473	-1.652229805
BRAF	PLX-4720	p.A747V	MEWO+HEC6+DU145+HCT116+NCIH661+EN+OC314+OC316	OC314	8	8	0
BRAF	PLX-4720	p.A747V	MEWO+HEC6+DU145+HCT116+NCIH661+EN+OC314+OC316	OC316	8	8	0
BRAF	PLX-4720	p.NVTAP486del	MEWO+HEC6+DU145+HCT116+NCIH661+EN+OC314+OC316	OV90	8	8	0
BRAF	PLX-4720	p.I326V	MEWO+HEC6+DU145+HCT116+NCIH661+EN+OC314+OC316	P12ICHIKAWA	8	8	0
BRAF	PLX-4720	p.V600E	MEWO+HEC6+DU145+HCT116+NCIH661+EN+OC314+OC316	RKO	8	8	0
BRAF	PLX-4720	p.V600E	MEWO+HEC6+DU145+HCT116+NCIH661+EN+OC314+OC316	RVH421	8	0.770638406	-4.283286521
BRAF	PLX-4720	p.V600E	MEWO+HEC6+DU145+HCT116+NCIH661+EN+OC314+OC316	SIGM5	8	0.033569854	-4.7199884
BRAF	PLX-4720	p.V600E	MEWO+HEC6+DU145+HCT116+NCIH661+EN+OC314+OC316	SKHEP1	8	8	0
BRAF	PLX-4720	p.V600E	MEWO+HEC6+DU145+HCT116+NCIH661+EN+OC314+OC316	SKMEL24	8	5.154507157	-1.685911125
BRAF	PLX-4720	p.E275K	MEWO+HEC6+DU145+HCT116+NCIH661+EN+OC314+OC316	SKMEL30	8	8	0
BRAF	PLX-4720	p.V600E	MEWO+HEC6+DU145+HCT116+NCIH661+EN+OC314+OC316	SKMEL31	8	8	0
BRAF	PLX-4720	p.V600E	MEWO+HEC6+DU145+HCT116+NCIH661+EN+OC314+OC316	SKMEL5	8	0.369111031	-4.521185369
BRAF	PLX-4720	p.A400V	MEWO+HEC6+DU145+HCT116+NCIH661+EN+OC314+OC316	SNU1	8	8	0
BRAF	PLX-4720	p.GAGA30del	MEWO+HEC6+DU145+HCT116+NCIH661+EN+OC314+OC316	SNU16	8	8	0
BRAF	PLX-4720	p.599_599T>TT	MEWO+HEC6+DU145+HCT116+NCIH661+EN+OC314+OC316	SUDHL8	8	8	0
BRAF	PLX-4720	p.S683N	MEWO+HEC6+DU145+HCT116+NCIH661+EN+OC314+OC316	SW1271	8	8	0
BRAF	PLX-4720	p.V600E	MEWO+HEC6+DU145+HCT116+NCIH661+EN+OC314+OC316	SW1417	8	2.278774736	-3.389738739
BRAF	PLX-4720	p.I326V	MEWO+HEC6+DU145+HCT116+NCIH661+EN+OC314+OC316	T3M10	8	8	0
BRAF	PLX-4720	p.V600E	MEWO+HEC6+DU145+HCT116+NCIH661+EN+OC314+OC316	WM1799	8	1.22639799	-4.013255916
BRAF	PLX-4720	p.V600E	MEWO+HEC6+DU145+HCT116+NCIH661+EN+OC314+OC316	WM793	8	8	0
BRAF	PLX-4720	p.V600E	MEWO+HEC6+DU145+HCT116+NCIH661+EN+OC314+OC316	WM88	8	0.204083994	-4.618961372
BRAF	PLX-4720	p.V600E	MEWO+HEC6+DU145+HCT116+NCIH661+EN+OC314+OC316	WM983B	8	0.51123476	-4.436979226
BRAF	PLX-4720	p.I326T	MEWO+HEC6+DU145+HCT116+NCIH661+EN+OC314+OC316	ZR7530	8	8	0
BRAF	RAF-265	p.L597R	MEWO+HEC6+DU145+HCT116+NCIH661+EN+OC314+OC316	22RV1	5.105258607	5.365866655	0.154406295
BRAF	RAF-265	p.V600E	MEWO+HEC6+DU145+HCT116+NCIH661+EN+OC314+OC316	8305C	5.105258607	1.020218135	-2.420324197
BRAF	RAF-265	p.V600E	MEWO+HEC6+DU145+HCT116+NCIH661+EN+OC314+OC316	8505C	5.105258607	1.416327954	-2.185635168
BRAF	RAF-265	p.V600E	MEWO+HEC6+DU145+HCT116+NCIH661+EN+OC314+OC316	A2058	5.105258607	5.510973935	0.240380146
BRAF	RAF-265	p.V226M	MEWO+HEC6+DU145+HCT116+NCIH661+EN+OC314+OC316	A2780	5.105258607	1.250309586	-2.28399852
BRAF	RAF-265	p.V600E	MEWO+HEC6+DU145+HCT116+NCIH661+EN+OC314+OC316	A375	5.105258607	0.622677207	-2.655861135
BRAF	RAF-265	p.V600E	MEWO+HEC6+DU145+HCT116+NCIH661+EN+OC314+OC316	A673	5.105258607	0.809691668	-2.545057919
BRAF	RAF-265	p.V600E	MEWO+HEC6+DU145+HCT116+NCIH661+EN+OC314+OC316	BCPAP	5.105258607	0.715583742	-2.600815429
BRAF	RAF-265	p.V600E	MEWO+HEC6+DU145+HCT116+NCIH661+EN+OC314+OC316	C32	5.105258607	8	1.71509014
BRAF	RAF-265	p.S273N	MEWO+HEC6+DU145+HCT116+NCIH661+EN+OC314+OC316	CCK81	5.105258607	8	1.71509014
BRAF	RAF-265	p.L485W	MEWO+HEC6+DU145+HCT116+NCIH661+EN+OC314+OC316	CI1	5.105258607	0.208464014	-2.901276137
BRAF	RAF-265	p.V600E	MEWO+HEC6+DU145+HCT116+NCIH661+EN+OC314+OC316	COLO201	5.105258607	0.435073406	-2.767013527
BRAF	RAF-265	p.V600E	MEWO+HEC6+DU145+HCT116+NCIH661+EN+OC314+OC316	COLO205	5.105258607	0.606281758	-2.665575189
BRAF	RAF-265	p.V600E	MEWO+HEC6+DU145+HCT116+NCIH661+EN+OC314+OC316	COLO679	5.105258607	0.66438055	-2.63115254
BRAF	RAF-265	p.V600E	MEWO+HEC6+DU145+HCT116+NCIH661+EN+OC314+OC316	DBTRG05MG	5.105258607	0.286468297	-2.855059788
BRAF	RAF-265	p.I326V	MEWO+HEC6+DU145+HCT116+NCIH661+EN+OC314+OC316	EN	5.105258607	8	1.71509014
BRAF	RAF-265	p.V600E	MEWO+HEC6+DU145+HCT116+NCIH661+EN+OC314+OC316	ES2	5.105258607	1.106144904	-2.369413896
BRAF	RAF-265	p.V600E	MEWO+HEC6+DU145+HCT116+NCIH661+EN+OC314+OC316	G361	5.105258607	0.565265239	-2.689876851
BRAF	RAF-265	p.V600E	MEWO+HEC6+DU145+HCT116+NCIH661+EN+OC314+OC316	GCT	5.105258607	0.325869828	-2.831714982
BRAF	RAF-265	p.R682Q	MEWO+HEC6+DU145+HCT116+NCIH661+EN+OC314+OC316	HEC1A	5.105258607	2.656991481	-1.450560944
BRAF	RAF-265	p.R682Q	MEWO+HEC6+DU145+HCT116+NCIH661+EN+OC314+OC316	HEC1B	5.105258607	8	1.71509014
BRAF	RAF-265	p.G464E	MEWO+HEC6+DU145+HCT116+NCIH661+EN+OC314+OC316	HEYA8	5.105258607	0.317133546	-2.836891095
BRAF	RAF-265	p.V600E	MEWO+HEC6+DU145+HCT116+NCIH661+EN+OC314+OC316	HS294T	5.105258607	2.904636383	-1.303835115
BRAF	RAF-265	p.V600E	MEWO+HEC6+DU145+HCT116+NCIH661+EN+OC314+OC316	HS695T	5.105258607	8	1.71509014
BRAF	RAF-265	p.V600E	MEWO+HEC6+DU145+HCT116+NCIH661+EN+OC314+OC316	HS939T	5.105258607	3.448097463	-0.981842711
BRAF	RAF-265	p.V600E	MEWO+HEC6+DU145+HCT116+NCIH661+EN+OC314+OC316	HT144	5.105258607	0.340082556	-2.823294157
BRAF	RAF-265	p.V600E+p.T119S	MEWO+HEC6+DU145+HCT116+NCIH661+EN+OC314+OC316	HT29	5.105258607	0.819590389	-2.539193077
BRAF	RAF-265	p.V600E	MEWO+HEC6+DU145+HCT116+NCIH661+EN+OC314+OC316	IGR37	5.105258607	1.198535204	-2.314674052
BRAF	RAF-265	p.V600E	MEWO+HEC6+DU145+HCT116+NCIH661+EN+OC314+OC316	IGR39	5.105258607	4.40410042	-0.415425535
BRAF	RAF-265	p.A728V	MEWO+HEC6+DU145+HCT116+NCIH661+EN+OC314+OC316	JURKAT	5.105258607	0.356609374	-2.813502269
BRAF	RAF-265	p.K601N	MEWO+HEC6+DU145+HCT116+NCIH661+EN+OC314+OC316	JVM3	5.105258607	0.130046681	-2.947737211
BRAF	RAF-265	p.V600E	MEWO+HEC6+DU145+HCT116+NCIH661+EN+OC314+OC316	K029AX	5.105258607	0.70665884	-2.606103298
BRAF	RAF-265	p.D22N	MEWO+HEC6+DU145+HCT116+NCIH661+EN+OC314+OC316	KCL22	5.105258607	1.442834021	-2.169930728
BRAF	RAF-265	p.M650I	MEWO+HEC6+DU145+HCT116+NCIH661+EN+OC314+OC316	KMBC2	5.105258607	4.104511738	-0.592927262
BRAF	RAF-265	p.D22N	MEWO+HEC6+DU145+HCT116+NCIH661+EN+OC314+OC316	KMS26	5.105258607	8	1.71509014
BRAF	RAF-265	p.V600E+p.I208V	MEWO+HEC6+DU145+HCT116+NCIH661+EN+OC314+OC316	LOXIMVI	5.105258607	2.70892072	-1.419793662
BRAF	RAF-265	p.V600E	MEWO+HEC6+DU145+HCT116+NCIH661+EN+OC314+OC316	LS411N	5.105258607	1.90278995	-1.897413852
BRAF	RAF-265	p.V600E	MEWO+HEC6+DU145+HCT116+NCIH661+EN+OC314+OC316	MALME3M	5.105258607	0.381781071	-2.798588423
BRAF	RAF-265	p.P74A	MEWO+HEC6+DU145+HCT116+NCIH661+EN+OC314+OC316	MDAMB415	5.105258607	1.784172039	-1.967693156
BRAF	RAF-265	p.V600E	MEWO+HEC6+DU145+HCT116+NCIH661+EN+OC314+OC316	MDAMB435S	5.105258607	2.911158322	-1.299970966
BRAF	RAF-265	p.GAGA30del	MEWO+HEC6+DU145+HCT116+NCIH661+EN+OC314+OC316	MDAMB436	5.105258607	2.568143842	-1.503201816
BRAF	RAF-265	p.V600E	MEWO+HEC6+DU145+HCT116+NCIH661+EN+OC314+OC316	MELHO	5.105258607	1.18347788	-2.323595287
BRAF	RAF-265	p.E375D	MEWO+HEC6+DU145+HCT116+NCIH661+EN+OC314+OC316	NCIH1651	5.105258607	8	1.71509014
BRAF	RAF-265	p.G466V	MEWO+HEC6+DU145+HCT116+NCIH661+EN+OC314+OC316	NCIH1666	5.105258607	0.436365217	-2.766248149
BRAF	RAF-265	p.L597V	MEWO+HEC6+DU145+HCT116+NCIH661+EN+OC314+OC316	NCIH2087	5.105258607	2.66848564	-1.44375083
BRAF	RAF-265	p.A747V	MEWO+HEC6+DU145+HCT116+NCIH661+EN+OC314+OC316	OC314	5.105258607	3.672142509	-0.849099438
BRAF	RAF-265	p.A747V	MEWO+HEC6+DU145+HCT116+NCIH661+EN+OC314+OC316	OC316	5.105258607	3.029598953	-1.229796698
BRAF	RAF-265	p.NVTAP486del	MEWO+HEC6+DU145+HCT116+NCIH661+EN+OC314+OC316	OV90	5.105258607	1.341343046	-2.230062583
BRAF	RAF-265	p.I326V	MEWO+HEC6+DU145+HCT116+NCIH661+EN+OC314+OC316	P12ICHIKAWA	5.105258607	1.327465534	-2.238284797
BRAF	RAF-265	p.V600E	MEWO+HEC6+DU145+HCT116+NCIH661+EN+OC314+OC316	RKO	5.105258607	0.296583891	-2.849066453
BRAF	RAF-265	p.V600E	MEWO+HEC6+DU145+HCT116+NCIH661+EN+OC314+OC316	RVH421	5.105258607	8	1.71509014
BRAF	RAF-265	p.V600E	MEWO+HEC6+DU145+HCT116+NCIH661+EN+OC314+OC316	SIGM5	5.105258607	0.157103524	-2.931706444
BRAF	RAF-265	p.V600E	MEWO+HEC6+DU145+HCT116+NCIH661+EN+OC314+OC316	SKHEP1	5.105258607	0.173974246	-2.921710798
BRAF	RAF-265	p.V600E	MEWO+HEC6+DU145+HCT116+NCIH661+EN+OC314+OC316	SKMEL24	5.105258607	6.284200675	0.6985052
BRAF	RAF-265	p.E275K	MEWO+HEC6+DU145+HCT116+NCIH661+EN+OC314+OC316	SKMEL30	5.105258607	1.200746654	-2.313363802
BRAF	RAF-265	p.V600E	MEWO+HEC6+DU145+HCT116+NCIH661+EN+OC314+OC316	SKMEL31	5.105258607	8	1.71509014
BRAF	RAF-265	p.V600E	MEWO+HEC6+DU145+HCT116+NCIH661+EN+OC314+OC316	SKMEL5	5.105258607	0.523400963	-2.714680796
BRAF	RAF-265	p.A400V	MEWO+HEC6+DU145+HCT116+NCIH661+EN+OC314+OC316	SNU1	5.105258607	1.618575096	-2.06580682
BRAF	RAF-265	p.GAGA30del	MEWO+HEC6+DU145+HCT116+NCIH661+EN+OC314+OC316	SNU16	5.105258607	0.73549968	-2.58901554
BRAF	RAF-265	p.599_599T>TT	MEWO+HEC6+DU145+HCT116+NCIH661+EN+OC314+OC316	SUDHL8	5.105258607	2.263980391	-1.683414023
BRAF	RAF-265	p.S683N	MEWO+HEC6+DU145+HCT116+NCIH661+EN+OC314+OC316	SW1271	5.105258607	3.491538522	-0.956104546
BRAF	RAF-265	p.V600E	MEWO+HEC6+DU145+HCT116+NCIH661+EN+OC314+OC316	SW1417	5.105258607	0.202369855	-2.904886833
BRAF	RAF-265	p.I326V	MEWO+HEC6+DU145+HCT116+NCIH661+EN+OC314+OC316	T3M10	5.105258607	2.203894616	-1.719013928
BRAF	RAF-265	p.V600E	MEWO+HEC6+DU145+HCT116+NCIH661+EN+OC314+OC316	WM1799	5.105258607	0.206871137	-2.902219892
BRAF	RAF-265	p.V600E	MEWO+HEC6+DU145+HCT116+NCIH661+EN+OC314+OC316	WM793	5.105258607	0.838038385	-2.528262921
BRAF	RAF-265	p.V600E	MEWO+HEC6+DU145+HCT116+NCIH661+EN+OC314+OC316	WM88	5.105258607	0.311537147	-2.840206877
BRAF	RAF-265	p.V600E	MEWO+HEC6+DU145+HCT116+NCIH661+EN+OC314+OC316	WM983B	5.105258607	0.366968244	-2.807364797
BRAF	RAF-265	p.I326T	MEWO+HEC6+DU145+HCT116+NCIH661+EN+OC314+OC316	ZR7530	5.105258607	3.59782219	-0.893133094
XIAP	LBW242	p.E350del	KHM1B+SW1271	EN	8	8	0