	data source	chemical name	gene symbol	variant	ddg
0	aimms	amprenavir	1HPV	G48V	0.82
1	aimms	amprenavir	1HPV	G48V/L90M	1.42
2	aimms	amprenavir	1HPV	I47V	-0.24
3	aimms	amprenavir	1HPV	I50V	2.48
4	aimms	amprenavir	1HPV	I84V	1.86
5	aimms	amprenavir	1HPV	L10F	-0.11
6	aimms	amprenavir	1HPV	L10F/I50V	2.43
7	aimms	amprenavir	1HPV	L10F/I84V	1.78
8	aimms	amprenavir	1HPV	L90M	0.65
9	aimms	amprenavir	1HPV	M46I	-0.41
10	aimms	amprenavir	1HPV	V82A	0.33
11	aimms	amprenavir	1HPV	V82F/I84V	2.73
12	aimms	amprenavir	1HPV	V82I	0.71
13	aimms	nelfinavir	1OHR	G48V	0.65
14	aimms	nelfinavir	1OHR	G48V/L90M	0.82
15	aimms	nelfinavir	1OHR	I84V	1.2
16	aimms	nelfinavir	1OHR	L90M	0.41
17	aimms	nelfinavir	1OHR	V82A	0.86
18	aimms	nelfinavir	1OHR	V82F	1.61
19	aimms	nelfinavir	1OHR	V82F/I84V	2.64
20	aimms	nelfinavir	1OHR	V82I	1.7
21	aimms	saquinavir	1HXB	A71T/V82A	0.25
22	aimms	saquinavir	1HXB	G48V	3.01
23	aimms	saquinavir	1HXB	G48V/L90M	4.44
24	aimms	saquinavir	1HXB	I47V	-0.41
25	aimms	saquinavir	1HXB	I50V	1.89
26	aimms	saquinavir	1HXB	I54M	0.95
27	aimms	saquinavir	1HXB	I54V	1.61
28	aimms	saquinavir	1HXB	I84V	1.68
29	aimms	saquinavir	1HXB	L10F	0.33
30	aimms	saquinavir	1HXB	L10F/I50V	2.09
31	aimms	saquinavir	1HXB	L10F/I84V	1.81
32	aimms	saquinavir	1HXB	L90M	0.59
33	aimms	saquinavir	1HXB	M46I	0.0
34	aimms	saquinavir	1HXB	M46I/I84V	0.89
35	aimms	saquinavir	1HXB	V32I	0.28
36	aimms	saquinavir	1HXB	V32I/I84V	1.57
37	aimms	saquinavir	1HXB	V82A	0.3
38	aimms	saquinavir	1HXB	V82I	1.18
39	aimms	darunavir	3TKW	G48V	2.01
40	aimms	darunavir	3TKW	I50V	2.05
41	aimms	darunavir	3TKW	I54M	0.61
42	aimms	darunavir	3TKW	I54V	1.28
43	aimms	lopinavir	1MUI	D30N	0.77
44	aimms	lopinavir	1MUI	D30N/L90M	0.83
45	aimms	lopinavir	1MUI	D30N/N88D/L90M	1.32
46	aimms	lopinavir	1MUI	L90M	-0.06
47	aimms	lopinavir	1MUI	N88D	-0.19
48	aimms	lopinavir	1MUI	N88D/L90M	0.18
49	aimms	efavirenz	1FK9	L100I	1.37
50	aimms	efavirenz	1FK9	K101E	0.96
51	aimms	efavirenz	1FK9	K103N	1.94
52	aimms	efavirenz	1FK9	V106A	0.32
53	aimms	efavirenz	1FK9	V108I	0.32
54	aimms	efavirenz	1FK9	Y181C	0.65
55	aimms	efavirenz	1FK9	Y188L	2.8
56	aimms	efavirenz	1FK9	G190A	1.21
57	aimms	efavirenz	1FK9	G190S	2.3
58	aimms	efavirenz	1FK9	K101E/G190A	2.87
59	aimms	efavirenz	1FK9	K101E/G190S	3.7
60	aimms	efavirenz	1FK9	K103N/Y181C	2.05
61	aimms	efavirenz	1FK9	K103N/G190A	3.2
62	aimms	efavirenz	1FK9	V106M	1.81
63	aimms	efavirenz	1FK9	E138A	0.16
64	aimms	efavirenz	1FK9	P225H	0.2
65	aimms	efavirenz	1FK9	H221Y	0.41
66	aimms	efavirenz	1FK9	V179D	0.65
67	aimms	efavirenz	1FK9	A98G	0.76
68	aimms	efavirenz	1FK9	V90I	0.06
69	aimms	efavirenz	1FK9	M230L	1.64
70	aimms	efavirenz	1FK9	Y181C/H221Y	0.94
71	aimms	efavirenz	1FK9	Y188C	0.78
72	aimms	efavirenz	1FK9	K101P	2.2
73	aimms	efavirenz	1FK9	K103S	1.58
74	aimms	efavirenz	1FK9	K101H	0.69
75	aimms	efavirenz	1FK9	E138K	0.59
76	aimms	efavirenz	1FK9	V106I	-0.3
77	aimms	efavirenz	1FK9	Y188H	0.9
78	aimms	efavirenz	1FK9	Y181V	0.47
79	aimms	efavirenz	1FK9	Y181I	0.06
80	aimms	efavirenz	1FK9	E138Q	1.15
81	aimms	efavirenz	1FK9	E138G	0.32
82	aimms	efavirenz	1FK9	V179T	-0.21
83	aimms	efavirenz	1FK9	E138R	0.92
84	aimms	efavirenz	1FK9	V179F/Y181C	0.38
85	aimms	efavirenz	1FK9	A98G/Y181C	1.19
86	aimms	efavirenz	1FK9	K101E/Y181C	0.81
87	aimms	efavirenz	1FK9	K101H/Y181C	1.09
88	aimms	efavirenz	1FK9	M230I	1.41
89	aimms	efavirenz	1FK9	E138K/M184I	0.95
90	aimms	efavirenz	1FK9	Y181C/G190A	1.63
91	aimms	efavirenz	1FK9	E138K/M184V	1.04
92	aimms	efavirenz	1FK9	F227C	0.97
93	aimms	efavirenz	1FK9	V179L	-0.55
94	aimms	nevirapine	1VRT	L100I	0.67
95	aimms	nevirapine	1VRT	K101E	1.46
96	aimms	nevirapine	1VRT	K103N	2.39
97	aimms	nevirapine	1VRT	V106A	2.48
98	aimms	nevirapine	1VRT	V108I	0.65
99	aimms	nevirapine	1VRT	Y181C	3.03
100	aimms	nevirapine	1VRT	Y188L	3.7
101	aimms	nevirapine	1VRT	G190A	2.57
102	aimms	nevirapine	1VRT	G190S	3.18
103	aimms	nevirapine	1VRT	K101E/G190A	3.7
104	aimms	nevirapine	1VRT	K101E/G190S	3.7
105	aimms	nevirapine	1VRT	K103N/Y181C	3.7
106	aimms	nevirapine	1VRT	K103N/G190A	3.7
107	aimms	nevirapine	1VRT	V106M	2.05
108	aimms	nevirapine	1VRT	E138A	0.06
109	aimms	nevirapine	1VRT	P225H	0.41
110	aimms	nevirapine	1VRT	H221Y	0.88
111	aimms	nevirapine	1VRT	V179D	0.16
112	aimms	nevirapine	1VRT	A98G	1.23
113	aimms	nevirapine	1VRT	V90I	0.16
114	aimms	nevirapine	1VRT	K101H	1.18
115	aimms	nevirapine	1VRT	E138K	0.38
116	aimms	nevirapine	1VRT	V106I	-0.21
117	aimms	nevirapine	1VRT	Y188H	0.47
118	aimms	nevirapine	1VRT	E138Q	1.38
119	aimms	nevirapine	1VRT	E138G	0.47
120	aimms	nevirapine	1VRT	V179T	-0.13
121	aimms	nevirapine	1VRT	E138R	0.94
122	aimms	nevirapine	1VRT	M230I	1.64
123	aimms	nevirapine	1VRT	E138K/M184I	0.98
124	aimms	nevirapine	1VRT	E138K/M184V	1.09
125	aimms	nevirapine	1VRT	F227C	1.71
126	aimms	nevirapine	1VRT	V179L	-0.3
127	aimms	nevirapine	1VRT	V179F	-1.37
128	aimms	rilpivirine	2ZD1	K103N	0.0
129	aimms	rilpivirine	2ZD1	V106M	0.0
130	aimms	rilpivirine	2ZD1	Y181C	0.11
131	aimms	rilpivirine	2ZD1	G190A	0.0
132	aimms	rilpivirine	2ZD1	K101E	0.59
133	aimms	rilpivirine	2ZD1	E138A	0.32
134	aimms	rilpivirine	2ZD1	P225H	-0.55
135	aimms	rilpivirine	2ZD1	K103N/P225H	0.16
136	aimms	rilpivirine	2ZD1	V108I	-0.3
137	aimms	rilpivirine	2ZD1	H221Y	0.28
138	aimms	rilpivirine	2ZD1	V179D	0.0
139	aimms	rilpivirine	2ZD1	K101E/G190A	1.03
140	aimms	rilpivirine	2ZD1	Y188L	1.23
141	aimms	rilpivirine	2ZD1	A98G	0.41
142	aimms	rilpivirine	2ZD1	V90I	0.11
143	aimms	rilpivirine	2ZD1	M230L	1.15
144	aimms	rilpivirine	2ZD1	V106M/V179D	0.52
145	aimms	rilpivirine	2ZD1	V106M/F227L	-0.55
146	aimms	rilpivirine	2ZD1	Y181C/H221Y	1.08
147	aimms	rilpivirine	2ZD1	L100I	-0.21
148	aimms	rilpivirine	2ZD1	Y188C	-0.96
149	aimms	rilpivirine	2ZD1	K101P	1.83
150	aimms	rilpivirine	2ZD1	K103S	0.32
151	aimms	rilpivirine	2ZD1	K101H	0.41
152	aimms	rilpivirine	2ZD1	E138K	0.81
153	aimms	rilpivirine	2ZD1	G190S	-1.37
154	aimms	rilpivirine	2ZD1	V106I	-0.41
155	aimms	rilpivirine	2ZD1	Y188H	-0.3
156	aimms	rilpivirine	2ZD1	Y181V	1.83
157	aimms	rilpivirine	2ZD1	Y181I	2.05
158	aimms	rilpivirine	2ZD1	E138Q	1.17
159	aimms	rilpivirine	2ZD1	E138G	0.61
160	aimms	rilpivirine	2ZD1	V106A	-0.21
161	aimms	rilpivirine	2ZD1	V179T	0.11
162	aimms	rilpivirine	2ZD1	E138R	1.14
163	aimms	rilpivirine	2ZD1	V179F/Y181C	1.13
164	aimms	rilpivirine	2ZD1	Y181C/G190S	1.09
165	aimms	rilpivirine	2ZD1	A98G/Y181C	1.13
166	aimms	rilpivirine	2ZD1	K101E/Y181C	1.18
167	aimms	rilpivirine	2ZD1	K101H/Y181C	1.19
168	aimms	rilpivirine	2ZD1	M230I	1.03
169	aimms	rilpivirine	2ZD1	E138K/M184I	0.9
170	aimms	rilpivirine	2ZD1	Y181C/G190A	0.57
171	aimms	rilpivirine	2ZD1	E138K/M184V	0.65
172	aimms	rilpivirine	2ZD1	F227C	0.84
173	aimms	rilpivirine	2ZD1	K101H/G190A	0.75
174	aimms	rilpivirine	2ZD1	A98G/G190A	0.59
175	aimms	rilpivirine	2ZD1	K101E/G190S	0.32
176	aimms	rilpivirine	2ZD1	V179L	-0.41
177	aimms	etravirine	2ZD1	K103N	-0.13
178	aimms	etravirine	2ZD1	V106M	0.28
179	aimms	etravirine	2ZD1	Y181C	0.81
180	aimms	etravirine	2ZD1	G190A	-0.21
181	aimms	etravirine	2ZD1	K101E	0.57
182	aimms	etravirine	2ZD1	E138A	0.57
183	aimms	etravirine	2ZD1	P225H	-0.3
184	aimms	etravirine	2ZD1	K103N/P225H	0.8
185	aimms	etravirine	2ZD1	V108I	-0.21
186	aimms	etravirine	2ZD1	H221Y	0.32
187	aimms	etravirine	2ZD1	V179D	0.28
188	aimms	etravirine	2ZD1	K101E/G190A	0.65
189	aimms	etravirine	2ZD1	Y188L	0.63
190	aimms	etravirine	2ZD1	A98G	0.24
191	aimms	etravirine	2ZD1	V90I	0.16
192	aimms	etravirine	2ZD1	M230L	1.35
193	aimms	etravirine	2ZD1	V106M/V179D	1.03
194	aimms	etravirine	2ZD1	V106M/F227L	0.06
195	aimms	etravirine	2ZD1	Y181C/H221Y	1.82
196	aimms	etravirine	2ZD1	L100I	0.41
197	aimms	etravirine	2ZD1	Y188C	-1.37
198	aimms	etravirine	2ZD1	K101P	0.86
199	aimms	etravirine	2ZD1	K103S	0.32
200	aimms	etravirine	2ZD1	K101H	0.06
201	aimms	etravirine	2ZD1	E138K	0.78
202	aimms	etravirine	2ZD1	G190S	-0.41
203	aimms	etravirine	2ZD1	V106I	-0.3
204	aimms	etravirine	2ZD1	Y188H	-0.96
205	aimms	etravirine	2ZD1	Y181I	2.05
206	aimms	etravirine	2ZD1	E138Q	1.5
207	aimms	etravirine	2ZD1	E138G	0.88
208	aimms	etravirine	2ZD1	V106A	0.11
209	aimms	etravirine	2ZD1	V179T	0.06
210	aimms	etravirine	2ZD1	E138R	1.47
211	aimms	etravirine	2ZD1	Y181C/G190S	1.98
212	aimms	etravirine	2ZD1	A98G/Y181C	1.52
213	aimms	etravirine	2ZD1	K101E/Y181C	1.34
214	aimms	etravirine	2ZD1	K101H/Y181C	1.29
215	aimms	etravirine	2ZD1	M230I	1.29
216	aimms	etravirine	2ZD1	E138K/M184I	0.96
217	aimms	etravirine	2ZD1	Y181C/G190A	0.92
218	aimms	etravirine	2ZD1	E138K/M184V	0.78
219	aimms	etravirine	2ZD1	F227C	0.76
220	aimms	etravirine	2ZD1	K101H/G190A	0.69
221	aimms	etravirine	2ZD1	A98G/G190A	0.47
222	aimms	etravirine	2ZD1	K101E/G190S	0.35
223	aimms	etravirine	2ZD1	V179L	-0.21
224	aimms	zanamivir	3B7E	V116A	2.08
225	aimms	zanamivir	3B7E	I117V	0.84
226	aimms	zanamivir	3B7E	E119A	4.25
227	aimms	zanamivir	3B7E	K150N	0.11
228	aimms	zanamivir	3B7E	Y252H	0.16
229	aimms	zanamivir	3B7E	H274Y	0.55
230	aimms	zanamivir	3B7E	N294S	0.73
231	aimms	stigmatellin	3CX5	L275F	0.02
232	aimms	stigmatellin	3CX5	L275S	0.0
233	aimms	stigmatellin	3CX5	Y279C	0.48
234	aimms	stigmatellin	3CX5	Y279S	0.05
235	aimms	stigmatellin	3CX5	G143A	0.02
236	aimms	stigmatellin	3CX5	F129L	1.26
237	aimms	cycloguanil	3UM8	A16C	0.07
238	aimms	cycloguanil	3UM8	A16C/S108T	2.42
239	aimms	cycloguanil	3UM8	A16G	0.74
240	aimms	cycloguanil	3UM8	A16G/S108T	2.64
241	aimms	cycloguanil	3UM8	A16S	2.63
242	aimms	cycloguanil	3UM8	A16S/S108T	3.65
243	aimms	cycloguanil	3UM8	A16T/S108T	4.13
244	aimms	cycloguanil	3UM8	A16V/S108T	4.09
245	aimms	cycloguanil	3UM8	C59R/S108N	1.81
246	aimms	cycloguanil	3UM8	N51I/C59R/S108N/I164L	4.02
247	aimms	cycloguanil	3UM8	S108N	1.25
248	aimms	cycloguanil	3UM8	S108T	0.64
249	aimms	pyrimethamine	3QGT	A16C	0.17
250	aimms	pyrimethamine	3QGT	A16C/S108T	-0.41
251	aimms	pyrimethamine	3QGT	A16G	0.5
252	aimms	pyrimethamine	3QGT	A16G/S108T	0.31
253	aimms	pyrimethamine	3QGT	A16S	1.79
254	aimms	pyrimethamine	3QGT	A16S/S108T	0.31
255	aimms	pyrimethamine	3QGT	A16T/S108T	0.24
256	aimms	pyrimethamine	3QGT	A16V/S108T	0.0
257	aimms	pyrimethamine	3QGT	C59R/S108N	2.32
258	aimms	pyrimethamine	3QGT	N51I/C59R/S108N/I164L	4.32
259	aimms	pyrimethamine	3QGT	S108N	1.88
260	aimms	pyrimethamine	3QGT	S108T	0.0
261	aimms	dasatinib	2GQG	M244V	0.29
262	aimms	dasatinib	2GQG	G250E	0.48
263	aimms	dasatinib	2GQG	Q252H	0.86
264	aimms	dasatinib	2GQG	Y253F	0.33
265	aimms	dasatinib	2GQG	Y253H	0.29
266	aimms	dasatinib	2GQG	E255K	1.16
267	aimms	dasatinib	2GQG	E255V	1.56
268	aimms	dasatinib	2GQG	V299L	1.86
269	aimms	dasatinib	2GQG	F311L	0.29
270	aimms	dasatinib	2GQG	T315A	3.01
271	aimms	dasatinib	2GQG	T315I	3.29
272	aimms	dasatinib	2GQG	F317L	1.33
273	aimms	dasatinib	2GQG	F317V	2.5
274	aimms	dasatinib	2GQG	M351T	0.19
275	aimms	dasatinib	2GQG	E355G	0.48
276	aimms	dasatinib	2GQG	F359V	0.6
277	aimms	dasatinib	2GQG	V379I	0.0
278	aimms	dasatinib	2GQG	L387M	0.55
279	aimms	dasatinib	2GQG	H396P	-0.17
280	aimms	dasatinib	2GQG	H396R	0.29
281	aimms	nilotinib	3CS9	M244V	0.64
282	aimms	nilotinib	3CS9	G250E	0.78
283	aimms	nilotinib	3CS9	Q252H	1.0
284	aimms	nilotinib	3CS9	Y253F	1.35
285	aimms	nilotinib	3CS9	Y253H	2.11
286	aimms	nilotinib	3CS9	E255K	1.63
287	aimms	nilotinib	3CS9	E255V	2.09
288	aimms	nilotinib	3CS9	F311L	0.34
289	aimms	nilotinib	3CS9	T315A	0.92
290	aimms	nilotinib	3CS9	T315I	3.0
291	aimms	nilotinib	3CS9	F317L	0.8
292	aimms	nilotinib	3CS9	M351T	0.09
293	aimms	nilotinib	3CS9	F359V	1.55
294	aimms	nilotinib	3CS9	V379I	0.81
295	aimms	nilotinib	3CS9	L387M	0.79
296	aimms	nilotinib	3CS9	H396P	0.68
297	aimms	nilotinib	3CS9	H396R	0.68
298	aimms	gefitinib	2ITY	G719S	0.48
299	aimms	gefitinib	2ITY	G719S/T790M	-0.56
300	aimms	gefitinib	2ITY	T790M	-1.21
301	aimms	gefitinib	2ITY	L858R	-1.6
302	aimms	gefitinib	2ITY	L858R/T790M	-0.7
303	aimms	fidarestat	1PWM	C303D	1.04
304	aimms	fidarestat	1PWM	F121P	0.29
305	aimms	fidarestat	1PWM	L300A	0.46
306	aimms	fidarestat	1PWM	L300P	1.88
307	aimms	fidarestat	1PWM	L301M	0.7
308	aimms	fidarestat	1PWM	S302R/C303D	1.91
309	aimms	fidarestat	1PWM	T113Y	2.08
310	aimms	fidarestat	1PWM	V47I	0.14
